端末番号,設置場所,日付,時間
A7510D-T,プレハブ2F富士通富士通開発室,,
D588B-T,プレハブ2F富士通富士通開発室,2024/11/12,15:00:44
DEMOCL,陽子線棟3Fヘルプデスクヘルプデスク,,
DEMOSV,陽子線棟3Fヘルプデスクヘルプデスク,,
INFRA-PC,プレハブ2F富士通富士通開発室,,
KGXCL126,陽子線棟3Fヘルプデスクサーバ室１,,
KGXDT006,プレハブ2F富士通富士通開発室,2024/11/5,19:04:55
KGXDT022,プレハブ2F富士通富士通開発室,2024/10/23,19:53:57
KGXDT029,プレハブ2F富士通富士通開発室,2024/10/29,19:27:46
KGXDT032,プレハブ2F富士通富士通開発室,2024/11/13,16:32:34
KGXDT034,プレハブ2F富士通富士通開発室,2024/11/8,19:07:38
KGXDT035,サーバ室3F富士通富士通データ移行用,,
KGXDT036,サーバ室3F富士通富士通データ移行用,,
KGXDT037,サーバ室3F富士通富士通データ移行用,,
KGXDT038,サーバ室3F富士通富士通データ移行用,,
KGXDT039,サーバ室3F富士通富士通データ移行用,,
KGXDT040,サーバ室3F富士通富士通データ移行用,,
KGXDT041,サーバ室3F富士通富士通データ移行用,,
KGXDT042,サーバ室3F富士通富士通データ移行用,,
KGXDT043,サーバ室3F富士通富士通データ移行用,,
KGXDT044,サーバ室3F富士通富士通データ移行用,,
KGXDT047,陽子線棟3F富士通富士通ヘルプデスク室,,
KHDT0001,病棟3F治験管理室臨床研究コーディネータ,2024/11/13,15:01:53
KHDT0002,病棟3F治験管理室臨床研究コーディネータ,2024/11/13,16:07:27
KHDT0003,病棟3F治験管理室臨床研究コーディネータ,2024/11/13,15:29:45
KHDT0004,病棟3F治験管理室臨床研究コーディネータ,2024/11/13,16:24:11
KHDT0005,病棟3F治験管理室臨床研究コーディネータ,2024/11/13,16:20:02
KHDT0006,病棟6Fローカル支援室治験管理室分室,2024/11/13,16:26:23
KHDT0007,NEXT棟1F内視鏡部X-TV室(2)外,2024/11/13,15:43:19
KHDT0008,NEXT棟1F内視鏡部医師控室,2024/11/13,16:24:43
KHDT0009,NEXT棟1F内視鏡部X-TV室(1)外,2024/11/13,16:09:17
KHDT0010,NEXT棟1F内視鏡部X-TV室(1),2024/11/13,15:41:33
KHDT0011,NEXT棟1F内視鏡部カンファレンス室,2024/11/13,14:14:54
KHDT0012,NEXT棟1F内視鏡部検査室(7),2024/11/13,10:28:07
KHDT0013,NEXT棟1F内視鏡部X-TV室(3)外,2024/11/13,16:14:26
KHDT0014,NEXT棟1F内視鏡部X-TV室(4)外,2024/11/13,15:39:27
KHDT0015,NEXT棟1F内視鏡部検査室(1),2024/11/13,16:17:20
KHDT0016,NEXT棟1F内視鏡部検査室(2),2024/11/13,14:42:05
KHDT0017,NEXT棟1F内視鏡部検査室(3),2024/11/13,16:27:15
KHDT0018,NEXT棟1F内視鏡部検査室(5),2024/11/13,13:31:42
KHDT0019,NEXT棟1F内視鏡部受付,2024/11/13,16:32:59
KHDT0020,NEXT棟1F内視鏡部受付,2024/11/13,16:02:09
KHDT0021,NEXT棟1F内視鏡部面談室(1),2024/11/13,13:33:44
KHDT0022,NEXT棟1F内視鏡部診察室(1),2024/11/13,15:57:56
KHDT0023,NEXT棟4F看護部（手術）スタッフステ,2024/11/13,16:00:10
KHDT0024,NEXT棟4F麻酔科スタッフステーション,2024/11/13,16:16:00
KHDT0025,病棟9FリハビリセンターST室,2024/11/13,14:47:07
KHDT0026,NEXT棟4F看護部（手術）スタッフステ,2024/11/13,15:42:49
KHDT0027,NEXT棟4F看護部（手術）スタッフステ,2024/11/13,15:38:42
KHDT0028,NEXT棟4F手術室麻酔医室,2024/11/13,14:30:39
KHDT0029,NEXT棟4F手術室大型器材庫,2024/11/12,14:17:46
KHDT0030,NEXT棟4F薬剤部薬剤庫,2024/11/13,15:10:46
KHDT0031,NEXT棟3FICUカンファレンス室奥,2024/11/13,10:57:19
KHDT0032,NEXT棟3F看護部（ICU)ICUスタ,2024/11/13,16:35:24
KHDT0033,NEXT棟3F看護部（ICU)ICUスタ,2024/11/13,16:30:27
KHDT0034,NEXT棟4F看護部（手術）スタッフステ,2024/11/13,16:34:39
KHDT0035,NEXT棟3FICUカンファレンス室手前,2024/11/13,16:28:27
KHDT0036,NEXT棟4F麻酔科麻酔医室,2024/11/13,16:37:20
KHDT0037,病棟4F看護部（4B病棟）4B病棟ﾅｰｽ,2024/11/13,16:29:20
KHDT0038,病棟4F看護部（4B病棟）4B病棟ﾅｰｽ,2024/11/13,16:19:55
KHDT0039,病棟4F看護部（4B病棟）4B病棟ﾅｰｽ,2024/11/13,16:37:00
KHDT0040,病棟4F看護部（4B病棟）4B病棟ﾅｰｽ,2024/11/13,16:36:04
KHDT0041,病棟4F看護部（4B病棟）4B病棟ﾅｰｽ,2024/11/13,10:14:07
KHDT0042,病棟4F看護部（4B病棟）4B病棟ﾅｰｽ,2024/11/13,16:30:07
KHDT0043,病棟5F看護部（5A病棟）5A病棟ﾅｰｽ,2024/11/13,16:28:45
KHDT0044,病棟5F看護部（5A病棟）5A病棟ﾅｰｽ,2024/11/13,16:33:40
KHDT0045,病棟5F看護部（5A病棟）5A病棟ﾅｰｽ,2024/11/13,16:32:50
KHDT0046,病棟5F看護部（5A病棟）5A病棟ﾅｰｽ,2024/11/13,16:28:54
KHDT0047,病棟5F看護部（5A病棟）5A病棟ﾅｰｽ,2024/11/13,16:34:09
KHDT0048,病棟5F看護部（5A病棟）5A病棟ﾅｰｽ,2024/11/13,15:59:37
KHDT0049,病棟5F看護部（5B病棟）5B病棟ﾅｰｽ,2024/11/13,16:27:15
KHDT0050,病棟5F看護部（5B病棟）5B病棟ﾅｰｽ,2024/11/13,16:31:30
KHDT0051,病棟5F看護部（5B病棟）5B病棟ﾅｰｽ,2024/11/13,16:37:35
KHDT0052,病棟5F看護部（5B病棟）5B病棟ﾅｰｽ,2024/11/13,16:29:39
KHDT0053,病棟5F看護部（5B病棟）5B病棟ﾅｰｽ,2024/11/13,16:10:49
KHDT0054,病棟6F看護部（6A病棟）6A病棟ﾅｰｽ,2024/11/13,16:32:21
KHDT0055,病棟6F看護部（6A病棟）6A病棟ﾅｰｽ,2024/11/13,16:35:39
KHDT0056,病棟6F看護部（6A病棟）6A病棟ﾅｰｽ,2024/11/13,16:33:46
KHDT0057,病棟6F看護部（6A病棟）6A病棟ﾅｰｽ,2024/11/13,16:34:16
KHDT0058,病棟6F看護部（6A病棟）6A病棟ﾅｰｽ,2024/11/13,16:31:40
KHDT0059,病棟6F看護部（6A病棟）6A病棟ﾅｰｽ,2024/11/13,13:18:07
KHDT0060,病棟6F看護部（6B病棟）6B病棟ﾅｰｽ,2024/11/13,16:34:08
KHDT0061,病棟6F看護部（6B病棟）6B病棟ﾅｰｽ,2024/11/13,16:28:34
KHDT0062,病棟6F看護部（6B病棟）6B病棟ﾅｰｽ,2024/11/13,16:34:53
KHDT0063,病棟6F看護部（6B病棟）6B病棟ﾅｰｽ,2024/11/13,16:33:26
KHDT0064,病棟6F看護部（6B病棟）6B病棟ﾅｰｽ,2024/11/13,15:43:18
KHDT0065,病棟6F看護部（6B病棟）6B病棟ﾅｰｽ,2024/11/13,16:36:11
KHDT0066,病棟7F看護部（7A病棟）7A病棟ﾅｰｽ,2024/11/13,16:33:56
KHDT0067,病棟7F看護部（7A病棟）7A病棟ﾅｰｽ,2024/11/13,16:29:44
KHDT0068,病棟7F看護部（7A病棟）7A病棟ﾅｰｽ,2024/11/13,16:35:43
KHDT0069,病棟7F看護部（7A病棟）7A病棟ﾅｰｽ,2024/11/13,16:37:21
KHDT0070,病棟7F看護部（7A病棟）7A病棟ﾅｰｽ,2024/11/13,16:36:03
KHDT0071,病棟7F看護部（7A病棟）7A病棟ﾅｰｽ,2024/11/13,16:36:40
KHDT0072,病棟7F看護部（7B病棟）7B病棟ﾅｰｽ,2024/11/13,16:30:29
KHDT0073,病棟7F看護部（7B病棟）7B病棟ﾅｰｽ,2024/11/13,16:19:55
KHDT0074,病棟7F看護部（7B病棟）7B病棟ﾅｰｽ,2024/11/13,16:37:54
KHDT0075,病棟7F看護部（7B病棟）7B病棟ﾅｰｽ,2024/11/13,16:27:48
KHDT0076,病棟7F看護部（7B病棟）7B病棟ﾅｰｽ,2024/11/13,16:34:57
KHDT0077,病棟7F看護部（7B病棟）7B病棟ﾅｰｽ,2024/11/13,16:28:02
KHDT0078,病棟8F看護部（8F病棟）8F病棟ﾅｰｽ,2024/11/13,16:23:58
KHDT0079,病棟8F看護部（8F病棟）8F病棟ﾅｰｽ,2024/11/13,16:35:19
KHDT0080,病棟8F看護部（8F病棟）8F病棟ﾅｰｽ,2024/11/13,16:00:09
KHDT0081,病棟8F看護部（8F病棟）8F病棟ﾅｰｽ,2024/11/13,16:28:55
KHDT0082,病棟8F看護部（8F病棟）8F病棟ﾅｰｽ,2024/11/13,16:36:50
KHDT0083,病棟8F看護部（8F病棟）ｸﾘｰﾝﾙｰﾑ,2024/11/13,16:32:13
KHDT0084,病棟8F看護部（8F病棟）成分採血室,2016/9/30,09:57:26
KHDT0085,医局棟2F医局ﾚｼﾞﾃﾞﾝﾄﾙｰﾑ,2024/11/13,16:35:45
KHDT0086,医局棟2F医局ﾚｼﾞﾃﾞﾝﾄﾙｰﾑ,2024/11/13,15:09:38
KHDT0087,医局棟2F医局医員室2,2024/11/13,16:36:57
KHDT0088,医局棟3F医局共有スペース,2024/11/13,16:04:08
KHDT0089,医局棟4F医局共有スペース,2024/11/13,15:52:03
KHDT0090,病棟4F当直室（1）管理当直室,2024/11/4,07:35:44
KHDT0091,病棟4F当直室（3）内科当直室,2024/11/13,07:17:03
KHDT0092,医局棟2F医局ﾚｼﾞﾃﾞﾝﾄﾙｰﾑ(中央,2024/11/13,16:36:13
KHDT0093,医局棟2F医局医員室1,2024/11/13,13:16:59
KHDT0094,医局棟2F医局医員室3,2024/11/13,16:35:33
KHDT0097,病棟3Fカンファレンスルームｶﾝﾌｧﾚﾝ,2024/11/13,16:16:33
KHDT0098,医局棟1F医局ｶﾝﾌｧﾚﾝｽﾙｰﾑ,2024/11/13,08:39:37
KHDT0099,医局棟4F医局共有スペース,2024/11/13,14:37:58
KHDT0100,医局棟4F医局共有スペース,2024/11/13,16:01:58
KHDT0101,病棟3Fカンファレンスルームｶﾝﾌｧﾚﾝ,2024/11/13,16:29:27
KHDT0103,病棟1F柏の葉サロン栄養相談室,2024/11/13,16:36:06
KHDT0105,病棟B1F栄養管理室栄養管理室,2024/11/13,16:31:56
KHDT0108,病棟B1F栄養管理室栄養管理室,2024/11/13,16:13:35
KHDT0109,病棟B1F栄養管理室栄養管理室,2024/11/13,14:59:47
KHDT0110,病棟B1F栄養管理室栄養管理室,2024/11/13,12:09:44
KHDT0112,病棟1F看護部（外来）診察室⑯,2024/11/13,15:57:20
KHDT0113,病棟1F看護部（外来）PCU外来診察室⑭,2024/11/13,15:40:22
KHDT0114,病棟1F看護部（外来）リハ外来診察室⑱,2024/11/13,16:34:54
KHDT0115,病棟1F看護部（外来）外科・内科診察室①,2024/11/13,15:30:50
KHDT0116,病棟1F看護部（外来）外科・内科診察室③,2024/11/13,15:22:47
KHDT0117,病棟1F看護部（外来）軽処置室,2024/11/13,14:39:11
KHDT0118,病棟1F看護部（外来）外科・内科診察室③,2024/11/13,16:08:09
KHDT0119,病棟1F看護部（外来）外科・内科診察室④,2024/11/13,16:23:00
KHDT0120,病棟1F看護部（外来）外科・内科診察室⑤,2024/11/13,16:33:53
KHDT0121,病棟1F看護部（外来）外科・内科診察室⑥,2024/11/13,14:12:40
KHDT0122,病棟1F看護部（外来）外科・内科診察室⑦,2024/11/13,16:14:27
KHDT0123,病棟1F看護部（外来）外科・内科診察室⑧,2024/11/13,15:33:58
KHDT0124,病棟1F看護部（外来）外科・内科診察室②,2024/11/13,14:35:11
KHDT0125,病棟1F看護部（外来）診察窓口①,2024/11/13,16:25:48
KHDT0126,病棟1F看護部（外来）3番 処置室(中央,2024/11/13,16:24:10
KHDT0127,病棟1F看護部（外来）診察窓口 ③,2024/11/13,16:09:48
KHDT0128,病棟1F看護部（外来）整形外科診察室⑰(,2024/11/13,14:31:48
KHDT0129,病棟1F看護部（外来）精神科診察室⑮,2024/11/13,16:05:01
KHDT0130,先端医療開発センター5F先端医療開発支援,2024/11/13,15:55:45
KHDT0133,病棟1F看護部（外来）共通診察室⑨,2024/11/13,15:57:13
KHDT0134,病棟1F看護部（外来）泌尿器科診察室⑩(,2024/11/13,16:29:28
KHDT0135,病棟1F看護部（外来）皮膚科診察室⑪,2024/11/13,16:06:18
KHDT0136,病棟2F看護部（外来）外来ｽﾀｯﾌﾙｰﾑ,2024/11/13,14:08:40
KHDT0137,病棟3F看護部（外来）面談室①,2024/11/13,16:32:58
KHDT0138,病棟2F看護部（外来）眼科・歯科診察窓口,2024/11/13,16:28:34
KHDT0139,パークホテル診療棟2Fホテル外来診察室⑦,2024/11/13,15:31:58
KHDT0141,病棟3F治験管理室共用室(1),2024/11/12,12:41:11
KHDT0142,病棟3F治験管理室共用室(2),2024/11/11,10:30:48
KHDT0143,病棟2F看護部（外来）診察室⑳(中央参照,2024/11/13,16:26:30
KHDT0144,病棟2F看護部（外来）採血室 受付,2024/11/13,16:14:54
KHDT0145,病棟2F看護部（外来）診察室?,2024/11/13,16:02:39
KHDT0146,病棟2F看護部（外来）頭頚・乳腺婦人科診,2024/11/13,16:26:30
KHDT0147,病棟2F看護部（外来）頭頸科処置室⑫,2024/11/13,15:57:55
KHDT0148,病棟2F看護部（外来）頭頸科診察室⑪ (,2024/11/13,14:36:56
KHDT0149,病棟2F看護部（外来）頭頸科診察室⑬(中,2024/11/13,14:53:38
KHDT0150,病棟2F看護部（外来）内科・外科診察室②,2024/11/13,16:23:25
KHDT0151,病棟2F看護部（外来）内科・外科診察室③,2024/11/13,15:40:59
KHDT0152,病棟2F看護部（外来）内科・外科診察室④,2024/11/13,16:22:03
KHDT0153,病棟2F看護部（外来）内科・外科診察室⑤,2024/11/13,16:16:44
KHDT0154,病棟2F看護部（外来）内科・外科診察室⑥,2024/11/13,16:29:40
KHDT0155,パークホテル診療棟2Fホテル外来診察室⑤,2024/11/13,16:34:41
KHDT0156,パークホテル診療棟2Fホテル外来診察室⑥,2024/11/13,15:36:37
KHDT0157,病棟2F看護部（外来）共通診察室⑨,2024/11/13,15:29:47
KHDT0158,病棟2F看護部（外来）内科・外科診察室⑩,2024/11/13,16:37:20
KHDT0159,病棟2F看護部（外来）内科・外科診察室①,2024/11/13,16:34:53
KHDT0160,病棟2F看護部（外来）内科・外科診察窓口,2024/11/13,16:10:29
KHDT0161,病棟2F看護部（外来）婦人科診察室⑰,2024/11/13,16:33:02
KHDT0163,病棟1F看護部（外来）診察窓口 ②,2024/11/13,16:31:30
KHDT0164,病棟3F看護部看護部長室看護副部長室,2024/11/13,08:47:02
KHDT0166,病棟3F看護部看護部長室看護副部長室,2024/11/13,10:09:29
KHDT0167,病棟4Fがん登録推進室がん登録推進室,2024/11/13,16:36:37
KHDT0168,病棟4Fがん登録推進室がん登録推進室(中,2024/2/20,15:01:37
KHDT0169,病棟4Fがん登録推進室がん登録推進室,2024/11/13,15:29:55
KHDT0170,病棟4Fがん登録推進室がん登録推進室,2024/11/13,12:06:22
KHDT0171,新外来棟2Fサポーティブケアセンタサポー,2024/11/13,14:21:14
KHDT0172,新外来棟2Fサポーティブケアセンタサポー,2024/11/13,15:25:30
KHDT0173,新外来棟2Fサポーティブケアセンタサポー,2024/11/13,15:42:39
KHDT0174,新外来棟2Fサポーティブケアセンタサポー,2024/11/13,16:35:08
KHDT0175,新外来棟2Fサポーティブケアセンタサポー,2024/11/13,16:31:06
KHDT0176,病棟3F中央材料部補給(庶務課）（SPク,,
KHDT0177,病棟3F中央材料部中材事務室,,
KHDT0178,NEXT棟3F中央材料部中材事務室,,
KHDT0180,病棟3F臨床検査部輸血検査室,2024/11/13,16:32:05
KHDT0181,病棟2F看護部（通治）通院治療センター,2024/11/13,16:34:32
KHDT0182,病棟2F看護部（通治）通院治療センター,2024/11/13,15:52:47
KHDT0183,病棟2F看護部（通治）通院治療センター,2024/11/13,16:06:35
KHDT0184,病棟2F看護部（通治）通院治療センター　,2024/11/13,15:40:24
KHDT0188,医局棟2F医局ﾚｼﾞﾃﾞﾝﾄﾙｰﾑ,2024/11/13,16:31:55
KHDT0189,高ｴﾈﾙｷﾞｰ棟1F放射線部4D-CT,2024/11/13,16:26:55
KHDT0190,高ｴﾈﾙｷﾞｰ棟1F放射線部ﾘﾆｱｯｸ操,2024/11/13,15:54:20
KHDT0191,高ｴﾈﾙｷﾞｰ棟1F放射線部ﾘﾆｱｯｸ操,2024/11/13,12:00:54
KHDT0192,高ｴﾈﾙｷﾞｰ棟1F放射線部ﾘﾆｱｯｸ操,2024/11/13,15:56:48
KHDT0193,高ｴﾈﾙｷﾞｰ棟1F放射線部ﾘﾆｱｯｸ操,2024/11/13,16:22:16
KHDT0194,高ｴﾈﾙｷﾞｰ棟1F放射線部新回復室,2024/11/13,11:54:02
KHDT0195,高ｴﾈﾙｷﾞｰ棟1F放射線部診察室5,2024/11/13,16:18:02
KHDT0196,高ｴﾈﾙｷﾞｰ棟1F放射線部放射線治療計,2024/11/13,16:30:11
KHDT0197,高ｴﾈﾙｷﾞｰ棟1F放射線部放射線治療計,2024/11/13,15:22:59
KHDT0198,高ｴﾈﾙｷﾞｰ棟1F放射線部放射線治療計,2024/11/13,15:45:30
KHDT0199,高ｴﾈﾙｷﾞｰ棟1F放射線部放射線治療計,2024/11/13,16:28:33
KHDT0200,高ｴﾈﾙｷﾞｰ棟1F放射線部放射線治療計,2024/11/13,15:37:11
KHDT0201,新外来棟2Fサポーティブケアセンタサポー,2024/11/11,18:47:25
KHDT0202,高ｴﾈﾙｷﾞｰ棟1F放射線部放射線治療診,2024/11/13,15:54:28
KHDT0203,高ｴﾈﾙｷﾞｰ棟1F放射線部放射線治療診,2024/11/13,14:13:54
KHDT0204,高ｴﾈﾙｷﾞｰ棟1F放射線部放射線治療診,2024/11/13,14:09:39
KHDT0205,高ｴﾈﾙｷﾞｰ棟1F放射線部放射線治療診,2024/11/13,16:27:58
KHDT0206,病棟1F放射線部ＣＴ操作室(CT1),2024/11/13,08:29:59
KHDT0207,病棟1F放射線部ＣＴ室 受付,2024/11/13,16:26:34
KHDT0208,病棟1F放射線部ＣＴ室 受付,2024/11/13,16:20:43
KHDT0209,病棟1F放射線部ＣＴ操作室(Aquili,2024/11/13,16:12:07
KHDT0210,病棟1F放射線部ＣＴ操作室(Aquili,2024/11/13,16:06:42
KHDT0211,病棟1F放射線部処置室,2024/11/13,15:23:40
KHDT0212,病棟1F放射線部ＭＲＩ室(MRI室1 操,2024/11/13,15:36:24
KHDT0213,病棟1F放射線部ＭＲＩ室(MRI室1 操,2024/11/13,16:07:41
KHDT0214,病棟1F放射線部ＭＲＩ室(MRI室2 操,2024/11/13,16:28:09
KHDT0215,病棟1F放射線部ＭＲＩ室(受付),2024/11/13,16:32:22
KHDT0216,病棟1F放射線部放射線治療看護外来,2024/11/13,16:36:46
KHDT0217,病棟1F放射線部Ｘ線室４,2024/11/12,09:49:27
KHDT0218,病棟1F放射線部Ｘ線室(内部廊下),2024/11/11,12:55:09
KHDT0219,病棟1F放射線部Ｘ線室１,2024/11/3,01:03:07
KHDT0220,病棟1F放射線部Ｘ線室２,2024/11/11,15:30:38
KHDT0221,病棟1F放射線部Ｘ線室３,2024/11/13,13:29:35
KHDT0222,病棟1F放射線部技師長室,2016/9/30,16:44:44
KHDT0223,病棟1F放射線部技師休憩室,2024/11/12,08:09:24
KHDT0224,病棟1F放射線部画像処理室 (アレイ社接,2024/11/8,10:37:46
KHDT0225,病棟1F放射線部画像処理室 (アレイ社接,2024/11/13,16:27:06
KHDT0227,病棟1F放射線部画像処理室 (アレイ社接,2024/9/19,13:39:16
KHDT0228,高ｴﾈﾙｷﾞｰ棟1F放射線部放射線治療計,2024/11/13,16:17:22
KHDT0229,病棟1F放射線部血管造影室 操作室(血管,2024/11/13,10:31:44
KHDT0230,病棟1F放射線部血管造影室 操作室(CT,2024/11/13,16:09:50
KHDT0231,病棟1F放射線部血管造影室 操作室,2024/11/13,16:27:28
KHDT0232,病棟1F放射線部血管造影室 操作室(血管,2024/11/13,16:22:50
KHDT0233,病棟1F放射線部Ｘ線室４,2024/11/12,16:35:45
KHDT0234,病棟1F放射線部読影室,2024/11/13,16:24:54
KHDT0235,病棟1F放射線部読影室,2024/10/8,17:20:08
KHDT0236,病棟1F放射線部読影室,2024/11/13,16:24:45
KHDT0237,病棟1F放射線部読影室,2024/11/13,16:21:25
KHDT0238,病棟1F放射線部読影室,2024/11/12,18:56:02
KHDT0239,病棟1F放射線部読影室,2024/9/30,16:43:18
KHDT0240,陽子線棟2F放射線部RI室インビボ検査室,2024/11/13,14:34:52
KHDT0241,病棟1F放射線部読影室,2016/9/30,23:27:23
KHDT0242,病棟1F放射線部読影室,2024/11/12,17:27:40
KHDT0243,病棟1F放射線部読影室,2024/11/13,08:26:38
KHDT0244,病棟1F放射線部読影室,2024/11/13,16:34:23
KHDT0245,病棟1F放射線部読影室,2024/11/12,23:30:18
KHDT0246,病棟1F放射線部読影室,2016/9/30,19:26:32
KHDT0247,病棟1F放射線部読影室,2024/11/13,16:31:33
KHDT0249,高ｴﾈﾙｷﾞｰ棟1F放射線部放射線治療受,2024/11/13,08:03:07
KHDT0250,病棟1F放射線部放射線受付,2024/11/13,16:31:38
KHDT0251,NEXT棟1F内視鏡部検査室(11),2024/11/13,10:52:39
KHDT0252,NEXT棟3F器材室器材室,2024/11/13,16:30:23
KHDT0253,陽子線棟1F放射線部回復室小児待機コーナ,2024/11/13,11:44:10
KHDT0254,陽子線棟2F放射線部ポジトロンCT操作室,2024/11/13,16:25:32
KHDT0255,陽子線棟1F放射線部陽子線治療操作室,2024/11/11,14:44:39
KHDT0256,陽子線棟1F放射線部陽子線棟放射線受付,2024/11/13,15:10:57
KHDT0257,陽子線棟2F放射線部ポジトロンCT操作室,2024/11/13,15:51:24
KHDT0258,陽子線棟2F放射線部ポジトロンCT操作室,2024/11/13,14:44:35
KHDT0259,陽子線棟2F放射線部ＲＩ室インビボ検査室,2024/11/13,16:31:34
KHDT0262,陽子線棟3F放射線部治療計画室,2024/11/13,10:44:51
KHDT0263,病棟4F医事課医事室別室,2024/11/13,16:37:47
KHDT0264,病棟B1F薬剤部抗がん薬調製室,2024/11/13,14:26:19
KHDT0265,病棟1F薬剤部調剤室,2024/11/13,16:31:04
KHDT0266,病棟1F薬剤部調剤室,2024/11/13,16:29:48
KHDT0267,病棟B1F薬剤部薬剤部別室,2024/11/13,16:12:04
KHDT0268,病棟B1F薬剤部調剤室,2024/11/13,16:25:25
KHDT0269,病棟B1F薬剤部調剤室,2024/11/13,16:26:56
KHDT0270,病棟B1F薬剤部調剤室,2024/11/13,16:37:31
KHDT0271,病棟B1F薬剤部薬剤事務室,2024/11/13,15:48:37
KHDT0272,病棟B1F薬剤部薬剤部別室,2024/11/13,16:23:41
KHDT0273,病棟1F薬剤部治験薬管理室,2024/11/13,16:18:46
KHDT0274,病棟B1F薬剤部薬剤事務室,2024/11/13,15:43:56
KHDT0275,病棟2F薬剤部通院治療センター,2024/11/13,16:36:20
KHDT0276,病棟2F薬剤部通院治療センター,2024/11/13,16:22:44
KHDT0277,病棟2F臨床検査部生化学検査室,2024/11/13,15:35:06
KHDT0278,病棟3F臨床検査部輸血管理室,2024/11/12,12:37:38
KHDT0279,NEXT棟2F臨床検査部・病理迅速検査室,2024/11/12,14:27:12
KHDT0280,NEXT棟2F臨床検査部・病理作製室　細,2024/11/13,15:59:47
KHDT0281,NEXT棟2F臨床検査部・病理受付,2024/10/31,14:06:34
KHDT0282,病棟3F会計課会計課事務室,2024/11/13,12:08:02
KHDT0283,病棟4Fがん登録推進室がん登録推進室,2024/11/13,16:30:21
KHDT0284,病棟2F臨床検査部超音波室（2）,2024/11/13,14:31:12
KHDT0285,病棟1F放射線部画像処理室,2024/11/13,12:49:48
KHDT0286,病棟2F臨床検査部心電図室,2024/11/13,16:29:14
KHDT0287,NEXT棟2F臨床検査部・病理切出室　撮,2024/11/13,14:19:26
KHDT0288,NEXT棟2F臨床検査部・病理切出室　撮,2024/11/12,09:30:24
KHDT0289,病棟2F臨床検査部カンファレンス室,2024/11/13,16:32:21
KHDT0290,病棟2F臨床検査部超音波室（3）読影室,2024/11/13,16:20:39
KHDT0291,病棟2F臨床検査部超音波室（2）読影室,2024/11/12,20:33:33
KHDT0292,病棟2F臨床検査部超音波室（5）読影室,2024/11/13,14:39:49
KHDT0293,病棟2F臨床検査部超音波室（1）読影室,2024/11/13,16:27:17
KHDT0294,病棟2F臨床検査部カンファレンス室,2024/11/13,13:40:00
KHDT0295,病棟2F臨床検査部超音波室（1）,2024/11/13,15:36:09
KHDT0296,病棟2F臨床検査部カンファレンス室,2024/11/13,12:49:55
KHDT0297,病棟2F臨床検査部生理検査室受付,2024/11/13,15:40:22
KHDT0298,病棟2F臨床検査部生理検査室受付,2024/11/13,16:29:40
KHDT0299,病棟2F臨床検査部脳波室,2024/11/11,10:46:39
KHDT0300,病棟2F臨床検査部治験検査室,2024/11/13,16:37:30
KHDT0301,NEXT棟2F臨床検査部・病理鏡検室,2024/11/12,17:39:21
KHDT0302,NEXT棟2F臨床検査部・病理受付,2024/11/13,14:20:26
KHDT0303,NEXT棟2F臨床検査部・病理作製室　染,2024/11/13,14:28:58
KHDT0304,NEXT棟2F臨床検査部・病理鏡検室,2024/11/13,16:13:03
KHDT0305,NEXT棟2F臨床検査部・病理鏡検室,2024/10/29,19:40:52
KHDT0306,NEXT棟2F臨床検査部・病理鏡検室,2024/11/13,14:00:14
KHDT0307,NEXT棟2F臨床検査部・病理鏡検室,2024/11/13,16:05:59
KHDT0308,NEXT棟2F臨床検査部・病理鏡検室,2024/11/13,13:57:38
KHDT0309,NEXT棟2F臨床検査部・病理鏡検室,2024/11/13,16:29:28
KHDT0310,NEXT棟2F臨床検査部・病理鏡検室,2024/11/13,13:50:04
KHDT0311,NEXT棟2F臨床検査部・病理鏡検室,2024/11/13,16:29:48
KHDT0312,NEXT棟2F臨床検査部・病理鏡検室,2024/11/13,15:21:10
KHDT0313,NEXT棟2F臨床検査部・病理鏡検室,2024/11/13,10:07:54
KHDT0314,NEXT棟2F臨床検査部・病理鏡検室,2024/11/13,13:30:02
KHDT0315,NEXT棟2F臨床検査部・病理鏡検室,2024/11/5,11:41:57
KHDT0316,NEXT棟2F臨床検査部・病理鏡検室,2024/11/5,17:12:51
KHDT0317,NEXT棟2F臨床検査部・病理鏡検室,2024/11/12,18:43:14
KHDT0318,NEXT棟2F臨床検査部・病理鏡検室,2024/11/13,13:39:56
KHDT0319,NEXT棟2F臨床検査部・病理鏡検室,2024/11/5,23:24:08
KHDT0320,NEXT棟2F臨床検査部・病理鏡検室,2024/11/13,15:18:36
KHDT0321,NEXT棟2F臨床検査部・病理鏡検室,2023/10/4,16:46:23
KHDT0323,緩和ケア1F看護部（緩和ｹｱ）緩和ケア病,2024/11/13,16:24:44
KHDT0324,緩和ケア1F看護部（緩和ｹｱ）緩和ｹｱ病,2024/11/13,16:37:20
KHDT0325,緩和ケア1F看護部（緩和ｹｱ）緩和ｹｱ病,2024/11/13,16:33:05
KHDT0326,緩和ケア1F看護部（緩和ｹｱ）緩和ｹｱ病,2024/11/13,16:35:45
KHDT0327,病棟4F臨床検査部技師会議室,2024/11/11,12:05:58
KHDT0328,病棟3F看護部（外来）入院準備センター,2024/11/13,16:30:12
KHDT0329,先端医療開発センター2F先端医療開発セン,2024/11/13,16:21:13
KHDT0330,先端医療開発センター2F先端医療開発セン,2024/11/13,16:35:44
KHDT0331,先端医療開発センター3F先端医療開発セン,2024/11/12,16:50:39
KHDT0332,先端医療開発センター3F先端医療開発セン,2016/9/29,18:57:27
KHDT0333,病棟1F会計課会計課窓口,2024/11/13,16:03:32
KHDT0334,病棟1F会計課会計課窓口,2024/11/13,13:44:46
KHDT0335,病棟3F会計課会計課事務室,2024/11/13,15:40:16
KHDT0336,病棟1F庶務課当直室,2024/11/13,07:38:18
KHDT0337,先端医療開発センター1F先端医療開発セン,2024/11/12,09:52:55
KHDT0338,病棟1F医事課医事室,2024/11/6,16:22:04
KHDT0339,病棟1F医事課医事室,2024/11/13,15:50:09
KHDT0340,病棟4F医事課医事室別室,2024/11/12,18:50:29
KHDT0341,病棟4F医事課医事室別室,2024/11/13,16:29:44
KHDT0342,病棟1F医事課医事室,2024/11/12,19:10:31
KHDT0343,病棟1F医事課医事室,2023/4/17,09:53:05
KHDT0344,病棟1F医事課医事室,2024/9/5,21:49:26
KHDT0345,病棟4F医事課医事室別室,2024/11/13,16:37:33
KHDT0346,病棟1F医事課再診受付,2024/11/13,16:31:26
KHDT0347,病棟1F医事課再診受付,2024/11/13,16:17:28
KHDT0348,病棟1F医事課初診受付,2024/11/13,14:26:59
KHDT0349,病棟1F医事課再診受付,2024/11/13,16:36:48
KHDT0350,病棟1F医事課入院受付,2024/11/13,16:36:08
KHDT0351,病棟1F医事課初診受付,2024/11/13,14:50:43
KHDT0352,病棟1F医事課再診受付,2024/11/13,12:03:11
KHDT0353,病棟1F医事課医事算定,2024/11/13,13:43:42
KHDT0354,病棟1F医事課医事算定,2024/11/13,16:26:20
KHDT0355,病棟1F医事課医事室,2024/11/13,16:26:07
KHDT0356,病棟1F医事課医事室,2024/11/13,14:58:09
KHDT0357,病棟1F医事課医事室,2024/11/13,12:00:55
KHDT0358,病棟1F医事課医事室,2024/11/13,16:34:15
KHDT0359,病棟1F医事課医事室,2024/11/13,16:10:17
KHDT0360,病棟1F医事課医事室,2024/11/12,17:33:23
KHDT0361,病棟1F医事課医事室,2024/11/13,16:21:22
KHDT0362,病棟1F医事課医事室,2024/11/12,19:11:11
KHDT0363,病棟1F医事課医事室,2024/11/10,15:30:12
KHDT0364,病棟1F医事課医事室(予約センター),2024/11/13,15:25:58
KHDT0365,病棟1F医事課医事算定,2024/11/13,16:27:14
KHDT0366,病棟1F医事課医事課,2024/10/28,17:29:59
KHDT0367,病棟1F医事課医事課,2024/11/13,13:00:20
KHDT0368,病棟1F医事課医事課,2024/11/13,16:31:08
KHDT0369,病棟B1F医事課中央カルテ庫,2024/11/13,16:28:32
KHDT0370,病棟B1F医事課中央カルテ庫,2024/11/13,16:37:10
KHDT0371,病棟B1F医事課中央カルテ庫,2024/11/13,16:23:09
KHDT0372,病棟B1F医事課中央カルテ庫,2024/11/13,16:31:48
KHDT0373,病棟B1F医事課中央カルテ庫,2024/11/13,15:09:44
KHDT0375,プロジェクト棟1Fプロジェクト棟画像解析,2024/11/12,21:05:17
KHDT0376,プロジェクト棟3Fプロジェクト棟３F事務,2024/11/5,20:35:59
KHDT0377,陽子線棟3Fヘルプデスクヘルプデスク,2024/11/13,16:34:02
KHDT0378,陽子線棟3Fヘルプデスクヘルプデスク,2024/11/13,15:26:34
KHDT0379,陽子線棟3Fヘルプデスクヘルプデスク,2024/11/13,15:08:04
KHDT0380,陽子線棟3Fヘルプデスクヘルプデスク,2024/11/13,16:22:48
KHDT0381,陽子線棟3Fヘルプデスクヘルプデスク,2024/11/13,16:23:00
KHDT0382,陽子線棟3Fヘルプデスクヘルプデスク,2024/10/18,13:03:47
KHDT0383,病棟4F臨床検査部臨床研究検査室,2024/11/13,16:23:14
KHDT0384,病棟1F放射線部医師室,2024/11/13,16:15:38
KHDT0385,病棟4F当直室（2）外科当直室,2024/11/13,06:44:14
KHDT0386,病棟4Fがん登録推進室がん登録推進室,,
KHDT0387,病棟1F医事課医事室,2024/11/13,10:53:52
KHDT0388,病棟1F医事室診療情報管理士用,2024/11/13,16:36:37
KHDT0389,病棟4F麻酔科手術室(MEｾﾝﾀｰ),2024/11/13,16:34:11
KHDT0390,病棟B1F薬剤部準備室,2024/11/13,16:34:11
KHDT0391,病棟1F看護部（外来）診察室⑫,2024/11/13,16:37:41
KHDT0392,先端医療開発センター2F先端医療開発セン,2024/11/13,16:19:21
KHDT0393,先端医療開発センター3F先端医療開発セン,2024/11/13,16:21:06
KHDT0394,病棟2F看護部（通治）通院治療センター　,2024/11/13,14:29:01
KHDT0395,病棟1F放射線部画像処理室,2024/11/12,18:05:51
KHDT0396,病棟1F放射線部画像処理室,2024/11/13,16:29:28
KHDT0397,病棟1F放射線部画像処理室,2024/11/12,14:28:15
KHDT0398,陽子線棟1F放射線部陽子線治療操作室,2024/11/13,15:06:23
KHDT0399,プロジェクト棟3Fプロジェクト棟３F事務,2024/11/1,20:24:02
KHDT0400,プロジェクト棟3Fプロジェクト棟PI実験,2024/11/13,15:48:29
KHDT0401,病棟5F看護部（5B病棟）5B病棟ﾅｰｽ,2024/11/13,16:22:47
KHDT0402,NEXT棟2F臨床検査部・病理管理室,2024/11/13,16:26:38
KHDT0403,病棟2F看護部（外来）婦人科診察室⑭,2024/11/13,16:30:23
KHDT0404,陽子線棟3Fヘルプデスクインシデント管理,2024/11/11,19:36:01
KHDT0405,病棟1F医事課医事室,2024/11/13,16:35:04
KHDT0406,病棟3Fクオリティマネジメント室クオリテ,2016/9/30,21:38:34
KHDT0407,病棟4F医事課医事室別室,2024/11/13,16:20:39
KHDT0408,病棟3F看護部看護部長室看護副部長室,2024/11/13,12:04:19
KHDT0409,NEXT棟2F臨床検査部・病理切出室　カ,2024/11/13,15:01:48
KHDT0410,NEXT棟2F臨床検査部・病理切出室　カ,2024/11/11,14:25:54
KHDT0411,NEXT棟2F臨床検査部・病理作製室　染,2024/11/13,11:46:08
KHDT0412,NEXT棟2F臨床検査部・病理作製室　染,2024/11/8,08:54:14
KHDT0413,NEXT棟2F臨床検査部・病理鏡検室,2024/11/10,19:09:45
KHDT0414,NEXT棟2F臨床検査部・病理鏡検室,2024/11/13,15:40:52
KHDT0415,NEXT棟2F臨床検査部・病理鏡検室,2024/11/9,00:06:01
KHDT0416,NEXT棟2F臨床検査部・病理管理室,2024/11/13,09:31:59
KHDT0417,NEXT棟4F麻酔科麻酔医室,2024/11/13,16:07:39
KHDT0418,病棟1F放射線部読影室,2024/11/11,12:53:36
KHDT0419,病棟1F放射線部読影室,2024/11/7,18:01:01
KHDT0420,病棟1F放射線部CT画像処理室,2024/11/13,14:49:41
KHDT0421,病棟2F看護部（外来）婦人科診察室⑭,2024/11/13,16:36:00
KHDT0422,病棟2F看護部（外来）女性看護外来,2024/11/13,15:23:11
KHDT0423,病棟3F臨床検査部細菌検査室,2016/9/30,18:08:54
KHDT0424,病棟3F副院長室副院長室,2024/11/13,14:18:05
KHDT0425,病棟1F看護部（外来）共通診察室⑬,2024/11/13,15:54:06
KHDT0426,NEXT棟2F臨床検査部・病理固定室,2024/11/13,16:27:34
KHDT0427,病棟1F放射線部画像処理室,2024/11/13,10:55:50
KHDT0428,病棟1F放射線部画像処理室,2024/11/13,16:01:41
KHDT0429,病棟1F医事課医事室(予約センター),2024/11/13,16:24:19
KHDT0430,高ｴﾈﾙｷﾞｰ棟1F放射線部治療計画室(,,
KHDT0432,病棟1F医事課保険証確認カウンター,2024/11/11,15:01:41
KHDT0434,新外来棟2Fサポーティブケアセンタサポー,2024/11/12,18:40:32
KHDT0435,病棟2F看護部（外来）採血室 受付,2024/11/13,16:22:00
KHDT0436,病棟1F看護部（外来）診察窓口①,2024/11/13,16:32:11
KHDT0437,病棟1F看護部（外来）診察窓口 ②,2024/11/13,16:23:55
KHDT0438,病棟2F看護部（外来）受付 ⑤,2024/11/13,16:06:54
KHDT0439,病棟2F看護部（外来）頭頚・乳腺婦人科診,2024/11/13,16:22:12
KHDT0440,病棟2F臨床試験支援室バイオバンク,2024/11/13,16:36:47
KHDT0442,病棟3F院長室院長室,2024/11/6,10:45:04
KHDT0444,病棟B1F薬剤部抗がん薬調製室,2024/11/13,15:51:58
KHDT0445,先端医療開発センター4F新薬開発分野会議,2024/11/13,16:12:56
KHDT0446,陽子線棟1F放射線部陽子線棟放射線管理室,2024/9/13,12:19:20
KHDT0449,病棟1F医事課医事室,2024/11/12,20:23:33
KHDT0450,病棟1F医事室診療情報管理士用,2024/11/13,16:34:22
KHDT0451,病棟1F医事室診療情報管理士用,2024/11/13,15:46:23
KHDT0452,病棟1F医事課医事室,2024/11/13,16:32:44
KHDT0453,病棟1F医事課医事室,2024/11/13,16:16:00
KHDT0454,病棟1F医事課医事室,2023/4/13,11:18:23
KHDT0455,病棟1F放射線部画像処理室,2024/11/13,16:04:50
KHDT0456,病棟1F放射線部Ｘ線室３,2024/11/13,14:54:56
KHDT0457,病棟1F放射線部Ｘ線室４,2024/11/12,16:24:07
KHDT0459,陽子線棟1F放射線部陽子線治療受付,,
KHDT0461,新外来棟1F看護部（外来）診察室⑲,2024/11/13,15:28:37
KHDT0462,新外来棟1F看護部（外来）診察室⑳,2024/11/13,15:58:41
KHDT0463,新外来棟1F看護部（外来）診察室?,2024/11/13,16:28:45
KHDT0464,新外来棟1F看護部（外来）診察室?,2024/11/13,16:35:00
KHDT0465,新外来棟2F看護部（外来）診察室?,2024/11/13,15:00:30
KHDT0466,新外来棟2F看護部（外来）診察室?,2024/11/13,15:21:03
KHDT0467,新外来棟2F看護部（外来）診察室?,2024/11/13,15:12:13
KHDT0468,新外来棟2F看護部（外来）診察室?,2024/11/13,14:26:00
KHDT0469,新外来棟2F看護部（外来）診察室?,2024/11/13,13:38:15
KHDT0470,新外来棟2F看護部（外来）診察室?,2024/11/13,16:25:15
KHDT0471,新外来棟2F看護部（外来）診察室?,2024/11/13,16:20:28
KHDT0472,新外来棟1F看護部（外来）受付④,2024/11/13,16:25:44
KHDT0473,新外来棟1F看護部（外来）受付④,2024/11/13,16:04:38
KHDT0474,新外来棟2F看護部（外来）受付⑦,2024/11/13,16:03:08
KHDT0475,新外来棟2F看護部（外来）受付⑦,2024/11/13,16:20:52
KHDT0476,新外来棟1F看護部（外来）処置室②,2024/11/13,16:02:58
KHDT0477,新外来棟1F看護部（外来）処置室①,2024/11/13,16:11:59
KHDT0479,病棟9Fリハビリセンター受付,2024/11/13,16:06:54
KHDT0480,病棟9Fリハビリセンター診察室(中央参照,2024/11/13,15:26:36
KHDT0481,病棟1F看護部（外来）診察室⑥　奥,2024/11/13,16:32:48
KHDT0482,新外来棟2Fサポーティブケアセンタサポー,2024/11/13,16:32:42
KHDT0483,新外来棟2Fサポーティブケアセンタサポー,2024/11/13,16:13:16
KHDT0484,新外来棟2Fサポーティブケアセンタサポー,2024/11/13,16:29:39
KHDT0485,新外来棟2Fサポーティブケアセンタサポー,2024/11/13,16:32:07
KHDT0486,新外来棟2Fサポーティブケアセンタサポー,2024/11/13,15:45:42
KHDT0487,病棟2F看護部（通治）受付カウンター,2024/11/13,16:29:32
KHDT0488,病棟2F看護部（通治）受付カウンター,2024/11/13,16:22:35
KHDT0489,緩和ケア1F看護部（緩和ｹｱ）緩和ケア病,2024/11/13,16:37:15
KHDT0490,先端医療開発センター5F臨床研究推進部執,2024/11/13,15:46:45
KHDT0491,病棟3F管理課職員・厚生係,2024/11/6,10:14:06
KHDT0492,病棟2Fバイオバンクバイオバンク窓口,2024/11/13,15:52:48
KHDT0493,病棟1F放射線部放射線治療診察室6,2024/11/13,13:47:00
KHDT0494,病棟1F放射線部放射線治療診察室8,2024/11/13,14:54:21
KHDT0495,病棟1F放射線部放射線治療診察室7,2024/11/13,15:41:53
KHDT0496,新外来棟2Fサポーティブケアセンタサポー,,
KHDT0497,病棟B1Fカルテ庫診療情報管理士用,2024/11/13,13:59:38
KHDT0498,教育研修棟1F医局ラウンジ,2024/11/13,16:36:08
KHDT0499,医局棟1F医局医員室,2024/11/13,13:57:30
KHDT0500,医局棟1F医局受付,2024/11/13,16:37:51
KHDT0501,医局棟1F医局受付,2024/11/13,16:24:57
KHDT0502,医局棟2F医局医員室4,2024/11/13,16:29:34
KHDT0503,医局棟2F医局医員室6,2024/11/13,13:55:03
KHDT0504,医局棟2F医局医員室7,2024/11/13,15:51:32
KHDT0505,医局棟2F医局医員室8,2024/11/13,16:24:50
KHDT0506,医局棟2F医局医員室5,2024/11/13,16:08:07
KHDT0507,医局棟3F医局共有スペース,2024/11/13,15:26:40
KHDT0508,医局棟3F医局共有スペース,2024/11/13,16:36:10
KHDT0509,医局棟3F医局共有スペース,2024/11/13,16:03:05
KHDT0510,医局棟4F医局共有スペース,2024/11/13,14:50:21
KHDT0511,新外来棟2Fサポーティブケアセンタサポー,2024/11/13,16:03:27
KHDT0512,新外来棟2Fサポーティブケアセンタサポー,2024/11/13,15:48:54
KHDT0513,医局棟1F医局処置室,2024/11/11,08:32:09
KHDT0514,病棟3F臨床検査部細菌検査室,2024/11/13,16:24:51
KHDT0515,病棟3F臨床検査部細菌検査室,2024/11/13,09:00:01
KHDT0516,病棟1F医事課医事室(予約センター),2024/11/13,16:26:11
KHDT0517,病棟1F医事課医事室(予約センター),2024/11/13,16:02:21
KHDT0518,病棟4F臨床検査部臨床研究検査室,2024/11/13,16:20:51
KHDT0519,病棟4F看護部（外来）医療安全管理室,2024/11/13,15:45:03
KHDT0520,病棟1F放射線部処置コーナー,2024/11/13,16:08:12
KHDT0530,NEXT棟1F内視鏡部受付,2024/11/13,16:36:28
KHDT0531,NEXT棟1F内視鏡部検査室(4)頭頸科,2024/11/13,15:38:49
KHDT0532,NEXT棟1F内視鏡部検査室(6),2024/9/11,14:54:17
KHDT0533,NEXT棟1F内視鏡部X-TV室(3),2024/11/13,16:07:59
KHDT0534,NEXT棟1F内視鏡部検査室(12),2024/11/13,16:32:04
KHDT0535,NEXT棟1F内視鏡部X-TV室(2),2024/11/13,15:17:06
KHDT0536,NEXT棟1F内視鏡部検査室(10),2024/11/13,16:36:13
KHDT0537,NEXT棟1F内視鏡部検査室(9),2024/11/13,16:29:33
KHDT0538,NEXT棟1F内視鏡部検査室(8),2024/11/13,16:17:53
KHDT0539,NEXT棟1F内視鏡部スタッフコーナー,2024/11/13,16:37:00
KHDT0540,NEXT棟1F内視鏡部X-TV室(4),2024/11/13,14:40:51
KHDT0541,NEXT棟1F内視鏡部カンファレンス室,2024/11/12,21:12:06
KHDT0542,NEXT棟1F内視鏡部カンファレンス室,2024/11/13,14:40:22
KHDT0543,NEXT棟2F講堂映像処理配信室,2024/11/13,16:31:04
KHDT0544,NEXT棟2F講堂ホールコントロール室,,
KHDT0545,病棟2F臨床検査部呼吸機能検査室,2024/11/13,16:23:43
KHDT0546,NEXT棟2F事務局事務局,2024/11/13,16:05:10
KHDT0547,NEXT棟2Fカンファレンス室カンファレ,2024/11/13,12:10:33
KHDT0548,NEXT棟2F模擬手術室模擬手術室,2024/11/13,12:29:53
KHDT0549,NEXT棟2Fトレーニングエリアトレーニ,2024/11/13,09:34:19
KHDT0550,NEXT棟2F臨床検査部・病理遺伝子検査,2024/11/13,15:48:49
KHDT0551,NEXT棟3F看護部（ICU)ICUスタ,2024/11/13,16:35:55
KHDT0553,NEXT棟3FICU診察室(1),2024/11/13,16:32:23
KHDT0554,NEXT棟3FOP当直室,2018/1/23,01:01:32
KHDT0555,NEXT棟4F手術室OP-1,2024/11/13,15:52:17
KHDT0556,NEXT棟4F手術室OP-2,2024/11/13,14:12:15
KHDT0557,NEXT棟4F手術室OP-3,2024/11/13,16:31:28
KHDT0558,NEXT棟4F手術室OP-4,2024/11/13,13:41:53
KHDT0559,NEXT棟4F手術室OP-5,2024/11/13,12:55:18
KHDT0560,NEXT棟4F手術室OP-6,2024/11/13,16:35:57
KHDT0561,NEXT棟4F手術室OP-7,2024/11/13,16:31:42
KHDT0562,NEXT棟4F手術室OP-8,2024/11/13,15:40:03
KHDT0563,NEXT棟4F手術室OP-9,2024/11/13,16:20:32
KHDT0564,NEXT棟4F手術室OP-10,2024/11/13,16:14:17
KHDT0565,NEXT棟4F手術室OP-11,2024/11/12,16:29:04
KHDT0566,NEXT棟4F手術室OP-12,2024/11/13,14:38:41
KHDT0568,病棟4F医事課医事室別室,2024/11/13,16:34:45
KHDT0569,病棟4F医事課医事室別室,2024/11/12,16:08:54
KHDT0570,病棟4F看護部（外来）医療安全管理室,2024/11/13,16:33:52
KHDT0571,病棟4F看護部（外来）医療安全管理室（感,2024/11/13,16:23:29
KHDT0572,病棟4F臨床検査部（事務）技師長室,2024/11/11,14:39:23
KHDT0573,病棟2F臨床開発分野免疫TR室,2024/11/12,16:54:17
KHDT0574,NEXT棟2F遺伝子診療部門科長室,2024/11/13,15:12:49
KHDT0577,病棟3F中央材料部中材事務室,2024/10/29,08:17:44
KHDT0578,病棟2F臨床検査部超音波室（2）読影室,2024/11/13,16:15:39
KHDT0579,病棟2F臨床検査部超音波室（3）読影室,2024/11/13,11:39:21
KHDT0580,病棟2F臨床検査部超音波室（5）読影室,2024/11/13,15:03:06
KHDT0581,病棟3F看護部（外来）面談室②,2024/11/13,14:40:50
KHDT0583,病棟4Fがん登録推進室がん登録推進室,2024/11/13,16:31:23
KHDT0586,病棟2F看護部（外来）診察室?,2024/11/13,16:10:01
KHDT0589,病棟1F医事室診療情報管理士用,2024/11/13,16:08:48
KHDT0590,病棟4F医事課医事室別室,2024/11/13,16:26:27
KHDT0591,NEXT棟2F臨床検査部遺伝子検査室（2,2024/11/13,15:28:05
KHDT0593,病棟4F遺伝子診療部門,2024/11/13,15:58:32
KHDT0594,病棟4Fがん登録推進室がん登録推進室,2024/11/13,15:48:33
KHDT0596,病棟2F看護部（外来）採血室 ⑭,2024/11/11,10:39:32
KHDT0597,病棟2F看護部（外来）採血室 ⑫,2024/11/13,14:36:13
KHDT0598,病棟4F医事課医事室別室,2024/11/13,16:30:37
KHDT0599,NEXT棟2F臨床検査部・病理鏡検室,2024/11/13,10:16:26
KHDT0600,病棟4F医事課医事室別室,2024/11/13,16:37:20
KHDT0601,陽子線棟3Fヘルプデスクヘルプデスク,,
KHDT0603,NEXT棟2F臨床検査部・病理鏡検室,2024/11/12,15:46:40
KHDT0604,NEXT棟2F臨床検査部・病理鏡検室,2024/11/12,08:53:25
KHDT0605,NEXT棟2F臨床検査部・病理鏡検室,2024/11/12,18:23:54
KHDT0606,病棟4F看護部（4B病棟）4B病棟ﾅｰｽ,2024/11/13,16:35:20
KHDT0607,病棟5F看護部（5B病棟）5B病棟ﾅｰｽ,2024/11/13,16:33:18
KHDT0608,高ｴﾈﾙｷﾞｰ棟1F放射線部マイクロトロ,2024/11/12,11:22:57
KHDT0609,病棟4F医事課医事室,2024/11/13,14:03:57
KHDT0610,病棟4F医事課医事室別室,2024/11/13,16:37:31
KHDT0611,病棟4F医事課医事室別室,2024/11/13,16:23:44
KHDT0612,病棟4F医事課医事室別室,2024/11/13,15:31:38
KHDT0613,高ｴﾈﾙｷﾞｰ棟1F放射線部放射線治療受,2024/11/13,16:34:44
KHDT0614,病棟1F医事課医事室(予約センター),2024/11/13,16:22:52
KHDT0616,病棟1F医事課医事室(予約センター),2024/11/13,16:34:37
KHDT0617,病棟2F看護部（通治）薬物療法看護外来,2024/11/13,16:29:30
KHDT0618,陽子線棟3F放射線部システム開発室,2024/11/13,16:00:47
KHDT0619,病棟1F医事室診療情報管理士用,2024/11/13,16:31:54
KHDT0620,病棟1F医事室診療情報管理士用,2024/11/13,15:23:04
KHDT2001,先端医療開発センター3F先端医療開発セン,2024/11/13,16:24:52
KHDT2002,病棟2F臨床検査部（生化学）生化学検査室,2024/11/13,16:12:22
KHDT2003,病棟2F臨床検査部（生化学）生化学検査室,2024/11/13,16:00:58
KHDT2004,病棟2F臨床検査部（生化学）生化学検査室,2024/11/6,10:08:54
KHDT2005,病棟2F臨床検査部（生化学）生化学検査室,2024/11/13,15:20:54
KHDT2006,病棟2F臨床検査部（生化学）生化学検査室,2024/11/12,16:06:05
KHDT2007,病棟2F臨床検査部（生化学）生化学検査室,2024/11/13,16:15:58
KHDT2008,病棟2F臨床検査部（生化学）生化学検査室,2024/11/13,12:18:43
KHDT2009,病棟2F臨床検査部（生化学）生化学検査室,2024/11/13,15:07:19
KHDT2010,病棟2F臨床検査部（生化学）生化学検査室,2024/11/13,10:06:05
KHDT2011,病棟2F臨床検査部（生化学）生化学検査室,2024/11/11,11:24:07
KHDT2012,病棟2F臨床検査部（生化学）生化学検査室,2024/11/8,15:56:39
KHDT2013,病棟2F臨床検査部（生化学）生化学検査室,2024/11/13,09:12:02
KHDT2014,病棟2F臨床検査部（生化学）生化学検査室,2024/11/13,16:23:32
KHDT2015,病棟2F臨床検査部（生化学）生化学検査室,2024/11/13,15:44:32
KHDT2016,病棟2F臨床検査部（生化学）生化学検査室,2024/11/13,16:01:42
KHDT2017,病棟2F臨床検査部（生化学）生化学検査室,2024/11/11,16:54:16
KHDT2018,病棟3F細菌検査室細菌検査室,2024/11/13,16:12:05
KHDT2020,病棟3F臨床検査部（細菌）細菌検査室(遺,,
KHDT2021,病棟1F放射線部MRI受付（側）,2024/11/13,16:23:34
KHDT2022,病棟4F看護部（外来）医療安全管理室,2024/11/13,16:36:30
KHDT2023,NEXT棟2F臨床検査部・病理作製室　細,2024/11/13,09:50:36
KHDT2024,病棟2F薬剤部通院治療センター,2024/11/13,16:36:04
KHDT2025,NEXT棟2F臨床検査部・病理鏡検室,2024/4/1,10:46:04
KHDT2026,病棟4FMEセンター臨床工学室長室,2024/11/13,15:31:13
KHDT2027,病棟4Fがん登録推進室がん登録推進室,2024/11/13,15:59:10
KHDT2028,NEXT棟2F臨床検査部・病理鏡検室,2024/11/13,11:24:28
KHDT2029,病棟4F看護部（外来）医療安全管理室（感,2024/11/12,13:44:36
KHDT2030,病棟1Fイシダイシダ,2024/11/13,11:56:50
KHDT2031,病棟1F医事課医事課外来予約カウンター,2024/11/13,16:05:16
KHDT2032,病棟1F医事課医事課外来予約カウンター,2024/11/13,16:35:54
KHDT2033,病棟1F医事課医事課外来予約カウンター,2024/11/13,16:36:29
KHDT2034,病棟8Fアフェレーシス室,2024/10/11,13:46:16
KHDT2035,病棟4F細胞調整室,2024/11/12,14:08:49
KHDT2036,病棟4F遺伝子診療部門遺伝子診療部門長室,2024/11/13,16:09:32
KHDT2037,病棟1F医事課診療情報管理士用,2024/11/13,16:34:17
KHDT2038,陽子線棟1F放射線治療科小線源治療室,2024/11/12,10:38:16
KHDT2039,陽子線棟1F放射線治療科小線源治療室,2024/11/13,09:38:08
KHDT2040,病棟1F医事課医事室(予約センター),2024/11/13,11:58:50
KHDT2041,病棟1F医事課医事室,,
KHDT2042,NEXT棟1F内視鏡部研修控室3,,
KHDT2043,先端医療開発センター1F放射線部準備室,2024/11/5,13:45:28
KHDT2044,先端医療開発センター1F放射線部操作室(,2024/11/13,09:31:21
KHDT2045,先端医療開発センター1F放射線部操作室(,2024/10/30,15:13:48
KHDT2046,病棟1F看護部（外来）18-B診察室,2024/11/13,14:58:52
KHDT2047,病棟1F柏の葉サロン薬剤師外来,2024/11/13,16:23:29
KHDT2048,病棟1F柏の葉サロン薬剤師外来,2024/11/13,16:28:46
KHDT2049,高ｴﾈﾙｷﾞｰ棟1F放射線部放射線治療受,2024/11/13,15:40:00
KHDT2050,パークホテル診療棟2Fホテル外来受付 2,2024/11/13,16:37:22
KHDT2051,パークホテル診療棟2Fホテル外来受付 2,2024/11/13,16:36:17
KHDT2052,パークホテル診療棟2Fホテル外来診察室A,2024/11/12,10:54:39
KHDT2053,パークホテル診療棟2Fホテル外来診察室B,2024/11/11,15:01:40
KHDT2054,パークホテル診療棟2Fホテル外来診察室①,2024/11/13,11:50:15
KHDT2055,パークホテル診療棟2Fホテル外来診察室②,2024/11/13,14:43:52
KHDT2056,パークホテル診療棟2Fホテル外来診察室③,2024/11/12,10:34:43
KHDT2057,パークホテル診療棟2Fホテル外来診察室④,2024/11/13,14:04:48
KHDT2058,パークホテル診療棟2Fホテル外来診察室⑧,2024/11/13,16:27:58
KHDT2059,病棟2F看護部（外来）診察室⑱,2024/11/13,15:58:31
KHDT2060,病棟2F看護部（外来）内科・外科診察室⑥,2024/11/13,16:36:26
KHDT2061,病棟2F看護部（外来）内科・外科診察室⑦,2024/11/13,15:32:52
KHDT2062,病棟2F看護部（外来）診察室⑲,2024/11/13,15:52:48
KHDT2063,病棟4F看護部（外来）医療安全管理室（感,2024/11/13,11:15:20
KHDT2064,病棟1F医事課LifeMarkアプリ受付,,
KHDT2065,医局棟1F医局科長、非常勤室,2024/11/13,15:19:07
KHDT2066,NEXT棟2F臨床検査部・病理鏡検室,2024/11/13,15:08:38
KHDT2067,パークホテル診療棟2Fホテル外来ホテル会,2024/11/13,16:27:44
KHDT2068,陽子線棟3Fサーバー室サーバー室,,
KHDT2069,先端医療開発センター1F放射線部CT室,2024/11/5,15:36:42
KHDT2070,病棟1F放射線部医師室,2024/11/13,10:46:31
KHDT2071,病棟1F放射線部読影室,2024/11/13,15:20:46
KHDT2072,新外来棟2Fサポーティブケアセンタサポー,2024/9/25,14:29:05
KHDT2073,陽子線棟3Fヘルプデスクヘルプデスク,2024/11/13,14:11:22
KHDT2074,NEXT棟1F内視鏡部診察受付カウンター,2024/11/13,13:37:52
KHDT2075,病棟4F遺伝子診療部門遺伝子診療部門,2024/11/13,14:00:52
KHDT2076,NEXT棟4F手術室OP-0,2024/11/13,13:33:13
KHDT2077,パークホテル診療棟2Fホテル外来待合室,2024/11/13,15:48:38
KHDT2078,RI治療病室棟1F放射線部RI管理事務室,2024/11/13,11:27:42
KHDT2079,病棟4F看護部（外来）医療安全管理室,2024/11/13,15:20:57
KHDT2080,陽子線棟3F放射線部CTシュミレータ室,2024/11/7,16:13:18
KHDT2100,教育研修棟1F医局ラウンジ（高精細モニタ,,
KHDTFIX,陽子線棟3FヘルプデスクFIX端末,2016/9/30,19:04:53
KHDTOT01,陽子線棟3F富士通ヘルプデスク研修端末,2022/4/5,15:29:16
KHDTOT02,陽子線棟3F富士通ヘルプデスク研修端末,,
KHDTOT03,陽子線棟3F富士通ヘルプデスク研修端末,,
KHDTOT04,陽子線棟3F富士通ヘルプデスク研修端末,,
KHDTOT05,陽子線棟3F富士通ヘルプデスク研修端末,2022/4/6,14:16:38
KHDTOT06,陽子線棟3F富士通ヘルプデスク研修端末,,
KHDTOT07,陽子線棟3F富士通ヘルプデスク研修端末,,
KHDTOT08,陽子線棟3F富士通ヘルプデスク研修端末,2021/4/7,15:12:04
KHDTOT09,陽子線棟3F富士通ヘルプデスク研修端末,,
KHDTOT10,陽子線棟3F富士通ヘルプデスク研修端末,2022/4/5,14:16:02
KHDTOT11,陽子線棟3F富士通ヘルプデスク研修端末,,
KHDTOT12,陽子線棟3F富士通ヘルプデスク研修端末,,
KHDTOT13,陽子線棟3F富士通ヘルプデスク研修端末,,
KHDTOT14,陽子線棟3F富士通ヘルプデスク研修端末,,
KHDTOT15,陽子線棟3F富士通ヘルプデスク研修端末,,
KHDTOT16,陽子線棟3F富士通ヘルプデスク研修端末,,
KHDTOT17,陽子線棟3F富士通ヘルプデスク研修端末,,
KHDTOT18,陽子線棟3F富士通ヘルプデスク研修端末,,
KHDTRT01,陽子線棟3Fヘルプデスクサーバ室(富士医,,
KHDTRT02,陽子線棟3Fヘルプデスクサーバ室(外購ベ,,
KHDTTEST,陽子線棟3Fヘルプデスク検証機,2024/10/29,18:38:43
KHINFRA,陽子線棟3FヘルプデスクKHINFRA,,
KHNB0001,病棟3F治験管理室臨床研究コーディネータ,2024/11/12,18:47:19
KHNB0002,病棟3F治験管理室臨床研究コーディネータ,2024/11/13,12:48:26
KHNB0003,病棟3F治験管理室臨床研究コーディネータ,2024/11/13,14:02:09
KHNB0004,病棟3F治験管理室臨床研究コーディネータ,2024/11/12,18:56:50
KHNB0005,病棟3F治験管理室臨床研究コーディネータ,2024/11/13,16:26:31
KHNB0006,病棟3F治験管理室臨床研究コーディネータ,2024/11/13,15:40:41
KHNB0007,病棟3F治験管理室臨床研究コーディネータ,2024/11/13,15:57:06
KHNB0008,病棟3F治験管理室臨床研究コーディネータ,2024/11/13,16:27:43
KHNB0009,病棟3F治験管理室臨床研究コーディネータ,2024/11/13,16:37:44
KHNB0010,病棟3F治験管理室臨床研究コーディネータ,2024/11/13,16:18:38
KHNB0011,病棟3F治験管理室臨床研究コーディネータ,2024/11/13,15:54:11
KHNB0012,病棟8F治験管理室本館02,2024/11/8,10:10:35
KHNB0013,病棟3F治験管理室臨床研究コーディネータ,2016/9/30,17:28:39
KHNB0014,病棟3F治験管理室臨床研究コーディネータ,2024/11/13,16:27:25
KHNB0015,病棟3F治験管理室臨床研究コーディネータ,2016/9/30,12:12:22
KHNB0016,病棟3F治験管理室臨床研究コーディネータ,2024/11/13,16:28:15
KHNB0017,病棟3F治験管理室臨床研究コーディネータ,2024/11/13,09:10:23
KHNB0018,病棟3F治験管理室臨床研究コーディネータ,2024/11/13,16:30:17
KHNB0019,病棟3F治験管理室臨床研究コーディネータ,2024/11/13,14:11:43
KHNB0020,病棟3F治験管理室臨床研究コーディネータ,2024/11/13,16:29:27
KHNB0021,病棟3F治験管理室臨床研究コーディネータ,2024/11/13,16:29:28
KHNB0022,病棟3F治験管理室臨床研究コーディネータ,2024/11/13,13:38:30
KHNB0023,病棟3F治験管理室臨床研究コーディネータ,2024/11/13,15:52:12
KHNB0025,病棟3F治験管理室臨床研究コーディネータ,2024/11/13,15:41:07
KHNB0026,病棟3F治験管理室臨床研究コーディネータ,2016/9/30,18:40:52
KHNB0027,病棟3F治験管理室臨床研究コーディネータ,2024/11/13,16:24:30
KHNB0028,病棟3F治験管理室臨床研究コーディネータ,2024/11/13,16:30:43
KHNB0029,病棟3F治験管理室臨床研究コーディネータ,2024/11/13,16:14:32
KHNB0030,病棟3F治験管理室臨床研究コーディネータ,2024/11/13,15:19:28
KHNB0031,病棟2F臨床研究コーディネータ―室分室3,2024/11/13,16:28:05
KHNB0032,病棟3F治験管理室臨床研究コーディネータ,2024/11/13,16:07:50
KHNB0033,病棟3F治験管理室臨床研究コーディネータ,2024/11/13,16:30:18
KHNB0034,病棟3F治験管理室臨床研究コーディネータ,2024/11/13,16:12:35
KHNB0035,病棟3F治験管理室臨床研究コーディネータ,2024/11/13,16:32:39
KHNB0036,病棟3F治験管理室臨床研究コーディネータ,2024/11/12,18:48:50
KHNB0037,病棟3F治験管理室臨床研究コーディネータ,2024/11/13,16:18:16
KHNB0038,病棟3F治験管理室臨床研究コーディネータ,2024/11/13,16:22:33
KHNB0039,病棟3F治験管理室臨床研究コーディネータ,2021/12/22,17:12:20
KHNB0040,病棟2Fバイオバンクバイオバンク窓口,2024/11/13,16:08:08
KHNB0041,先端医療開発センター5F先端医療開発支援,2024/11/13,16:21:24
KHNB0042,病棟2Fバイオバンクバイオバンク窓口,2024/11/13,16:09:41
KHNB0043,病棟2Fバイオバンクバイオバンク窓口,2024/11/13,15:59:46
KHNB0044,先端医療開発センター5F臨床研究推進部執,2024/11/13,15:52:55
KHNB0045,先端医療開発センター5F臨床研究推進部執,2024/11/12,11:33:25
KHNB0046,NEXT棟1F内視鏡部検査室(10),2024/11/13,16:10:29
KHNB0047,NEXT棟1F内視鏡部スタッフコーナー,2024/11/13,16:23:37
KHNB0048,NEXT棟1F内視鏡部X-TV室(1),2024/11/13,11:15:47
KHNB0049,NEXT棟1F内視鏡部検査室(1),2024/11/13,15:58:20
KHNB0050,NEXT棟1F内視鏡部リカバリー室,2024/11/13,11:18:13
KHNB0051,NEXT棟1F内視鏡部X-TV室(3),2024/11/13,16:03:38
KHNB0052,NEXT棟1F内視鏡部X-TV室(2),2024/11/13,14:58:14
KHNB0053,NEXT棟4F手術室OP-1,2024/11/13,12:27:13
KHNB0054,NEXT棟4F手術室OP-2,2024/11/13,14:26:37
KHNB0055,NEXT棟4F手術室OP-6,2024/11/13,16:20:06
KHNB0056,NEXT棟4F手術室OP-3,2024/11/13,16:16:59
KHNB0057,NEXT棟4F手術室OP-4,2024/11/13,15:31:24
KHNB0058,NEXT棟4F手術室OP-6,2024/11/13,16:37:51
KHNB0059,NEXT棟4F手術室OP-7,2024/11/13,16:09:30
KHNB0060,NEXT棟4F手術室OP-9,2024/11/13,16:21:40
KHNB0061,NEXT棟3FICUICU（5）,2024/11/13,16:13:23
KHNB0062,NEXT棟3FICUICU（個室2）,2024/11/13,16:04:06
KHNB0063,NEXT棟3FICUICU,2024/11/13,14:16:57
KHNB0064,NEXT棟3FICUICU（4）,2024/11/13,14:28:24
KHNB0065,NEXT棟3FICUICU（3）,2024/11/13,16:31:06
KHNB0066,NEXT棟3FICUICU（2）,2024/11/13,16:37:38
KHNB0067,NEXT棟3FICUICU,2024/11/13,16:04:45
KHNB0068,NEXT棟3FICUICU（個室1）,2024/11/13,16:04:52
KHNB0069,NEXT棟3F看護部（ICU)ICU（1,2024/11/13,16:15:48
KHNB0070,NEXT棟4F手術室リカバリーコーナー,2024/11/13,16:33:23
KHNB0071,NEXT棟3F看護部（ICU)ICUスタ,2024/11/13,16:02:05
KHNB0072,NEXT棟4F手術室OP-10,2024/10/23,09:31:00
KHNB0073,病棟4F看護部（4B病棟）4B病棟ﾅｰｽ,2024/11/13,16:33:47
KHNB0074,病棟4F看護部（4B病棟）4B病棟ﾅｰｽ,2024/11/12,13:40:04
KHNB0076,病棟4F看護部（4B病棟）4B病棟ﾅｰｽ,2024/11/13,16:24:32
KHNB0077,病棟4F看護部（4B病棟）4B病棟ﾅｰｽ,2024/11/13,16:24:57
KHNB0078,病棟4F看護部（4B病棟）4B病棟ﾅｰｽ,2024/11/13,16:26:43
KHNB0079,病棟4F看護部（4B病棟）4B病棟ﾅｰｽ,2024/11/13,16:30:08
KHNB0080,病棟4F看護部（4B病棟）4B病棟ﾅｰｽ,2024/11/13,16:26:52
KHNB0081,病棟4F看護部（4B病棟）4B病棟ﾅｰｽ,2024/11/13,16:33:06
KHNB0082,病棟4F看護部（4B病棟）4B病棟ﾅｰｽ,2024/11/13,16:36:47
KHNB0083,病棟4F看護部（4B病棟）4B病棟ﾅｰｽ,2024/11/13,16:30:33
KHNB0084,病棟4F看護部（4B病棟）4B病棟ﾅｰｽ,2024/11/13,16:29:57
KHNB0085,病棟5F看護部（5A病棟）5A病棟ﾅｰｽ,2024/11/12,18:44:28
KHNB0086,病棟5F看護部（5A病棟）5A病棟ﾅｰｽ,2024/11/13,16:33:47
KHNB0087,病棟5F看護部（5A病棟）5A病棟ﾅｰｽ,2024/11/13,16:29:32
KHNB0088,病棟5F看護部（5A病棟）5A病棟ﾅｰｽ,2024/11/13,16:22:19
KHNB0089,病棟5F看護部（5A病棟）5A病棟ﾅｰｽ,2024/11/13,16:19:12
KHNB0090,病棟5F看護部（5A病棟）5A病棟ﾅｰｽ,2024/11/13,15:16:26
KHNB0091,病棟5F看護部（5A病棟）5A病棟ﾅｰｽ,2024/11/13,16:27:47
KHNB0092,病棟5F看護部（5A病棟）5A病棟ﾅｰｽ,2024/11/13,16:05:27
KHNB0093,病棟5F看護部（5A病棟）5A病棟ﾅｰｽ,2024/11/12,17:17:06
KHNB0094,病棟5F看護部（5A病棟）5A病棟ﾅｰｽ,2024/11/13,16:27:45
KHNB0095,病棟5F看護部（5B病棟）5B病棟ﾅｰｽ,2024/11/13,16:29:46
KHNB0096,病棟5F看護部（5B病棟）5B病棟ﾅｰｽ,2024/11/13,15:46:56
KHNB0097,病棟5F看護部（5B病棟）5B病棟ﾅｰｽ,2024/11/13,16:37:33
KHNB0098,病棟5F看護部（5B病棟）5B病棟ﾅｰｽ,2024/11/13,16:08:58
KHNB0099,病棟5F看護部（5B病棟）5B病棟ﾅｰｽ,2024/11/13,16:30:03
KHNB0100,病棟5F看護部（5B病棟）5B病棟ﾅｰｽ,2024/11/13,12:53:31
KHNB0101,病棟5F看護部（5B病棟）5B病棟ﾅｰｽ,2024/11/13,16:31:38
KHNB0102,病棟5F看護部（5B病棟）5B病棟ﾅｰｽ,2024/11/13,16:24:23
KHNB0103,病棟5F看護部（5B病棟）5B病棟ﾅｰｽ,2024/11/13,16:30:47
KHNB0104,病棟5F看護部（5B病棟）5B病棟ﾅｰｽ,2024/11/13,14:36:38
KHNB0105,病棟5F看護部（5B病棟）5B病棟ﾅｰｽ,2024/11/13,16:18:21
KHNB0106,病棟5F看護部（5B病棟）5B病棟ﾅｰｽ,2024/11/13,16:32:01
KHNB0107,病棟6F看護部（6B病棟）6B病棟ﾅｰｽ,2024/11/13,16:36:40
KHNB0108,病棟6F看護部（6A病棟）6A病棟ﾅｰｽ,2024/11/13,16:37:06
KHNB0109,病棟6F看護部（6A病棟）6A病棟ﾅｰｽ,2024/11/13,16:30:27
KHNB0110,病棟6F看護部（6A病棟）6A病棟ﾅｰｽ,2024/11/13,15:17:58
KHNB0111,病棟6F看護部（6A病棟）6A病棟ﾅｰｽ,2024/11/13,16:25:54
KHNB0112,病棟6F看護部（6A病棟）6A病棟ﾅｰｽ,2024/11/13,16:32:47
KHNB0113,病棟6F看護部（6A病棟）6A病棟ﾅｰｽ,2024/11/13,16:35:24
KHNB0114,病棟6F看護部（6A病棟）6A病棟ﾅｰｽ,2024/11/13,16:31:12
KHNB0115,病棟6F看護部（6A病棟）6A病棟ﾅｰｽ,2024/11/13,16:16:42
KHNB0116,病棟6F看護部（6A病棟）6A病棟ﾅｰｽ,2024/11/13,15:30:57
KHNB0117,病棟6F看護部（6A病棟）6A病棟ﾅｰｽ,2024/11/13,16:30:56
KHNB0118,病棟6F看護部（6A病棟）6A病棟ﾅｰｽ,2024/11/13,16:32:04
KHNB0119,病棟6F看護部（6A病棟）6A病棟ﾅｰｽ,2024/11/13,16:24:08
KHNB0120,病棟6F看護部（6B病棟）6B病棟ﾅｰｽ,2024/11/13,16:29:15
KHNB0121,病棟6F看護部（6B病棟）6B病棟ﾅｰｽ,2024/11/13,16:32:44
KHNB0122,病棟6F看護部（6B病棟）6B病棟ﾅｰｽ,2024/11/13,16:26:28
KHNB0123,病棟6F看護部（6B病棟）6B病棟ﾅｰｽ,2024/11/13,14:24:52
KHNB0124,病棟6F看護部（6B病棟）6B病棟ﾅｰｽ,2024/11/13,16:27:42
KHNB0125,病棟6F看護部（6B病棟）6B病棟ﾅｰｽ,2024/11/13,16:33:27
KHNB0126,病棟6F看護部（6B病棟）6B病棟ﾅｰｽ,2024/11/13,16:26:01
KHNB0127,病棟6F看護部（6B病棟）6B病棟ﾅｰｽ,2024/11/13,16:31:08
KHNB0128,病棟6F看護部（6B病棟）6B病棟ﾅｰｽ,2024/11/13,16:29:02
KHNB0129,病棟6F看護部（6B病棟）6B病棟ﾅｰｽ,2024/11/13,16:25:19
KHNB0130,病棟6F看護部（6B病棟）6B病棟ﾅｰｽ,2024/11/13,16:36:31
KHNB0131,病棟6F看護部（6A病棟）6A病棟ﾅｰｽ,2024/11/13,16:30:05
KHNB0132,病棟7F看護部（7A病棟）7A病棟ﾅｰｽ,2024/11/13,16:12:33
KHNB0133,病棟7F看護部（7A病棟）7A病棟ﾅｰｽ,2024/11/13,16:35:26
KHNB0134,病棟7F看護部（7A病棟）7A病棟ﾅｰｽ,2024/11/13,16:34:24
KHNB0135,病棟7F看護部（7A病棟）7A病棟ﾅｰｽ,2024/11/13,16:32:41
KHNB0136,病棟7F看護部（7A病棟）7A病棟ﾅｰｽ,2024/11/13,16:31:13
KHNB0137,病棟7F看護部（7A病棟）7A病棟ﾅｰｽ,2024/11/13,16:25:31
KHNB0138,病棟7F看護部（7A病棟）7A病棟ﾅｰｽ,2024/11/13,16:29:03
KHNB0139,病棟7F看護部（7A病棟）7A病棟ﾅｰｽ,2024/11/13,14:22:51
KHNB0140,病棟7F看護部（7A病棟）7A病棟ﾅｰｽ,2024/11/13,16:23:19
KHNB0141,病棟7F看護部（7A病棟）7A病棟ﾅｰｽ,2024/11/13,16:25:29
KHNB0142,病棟7F看護部（7A病棟）7A病棟ﾅｰｽ,2024/11/13,16:14:35
KHNB0143,病棟7F看護部（7A病棟）7A病棟ﾅｰｽ,2024/11/13,16:24:26
KHNB0144,病棟7F看護部（7B病棟）7B病棟ﾅｰｽ,2024/11/13,16:24:28
KHNB0145,病棟7F看護部（7B病棟）7B病棟ﾅｰｽ,2024/11/13,16:22:23
KHNB0146,病棟7F看護部（7B病棟）7B病棟ﾅｰｽ,2024/11/13,16:32:20
KHNB0147,病棟7F看護部（7B病棟）7B病棟ﾅｰｽ,2024/11/13,14:52:59
KHNB0148,病棟7F看護部（7B病棟）7B病棟ﾅｰｽ,2024/11/13,16:08:42
KHNB0149,病棟7F看護部（7B病棟）7B病棟ﾅｰｽ,2024/11/13,16:36:27
KHNB0150,病棟7F看護部（7B病棟）7B病棟ﾅｰｽ,2024/11/13,16:29:12
KHNB0151,病棟7F看護部（7B病棟）7B病棟ﾅｰｽ,2024/11/13,16:36:28
KHNB0152,病棟7F看護部（7B病棟）7B病棟ﾅｰｽ,2024/11/13,16:35:15
KHNB0153,病棟7F看護部（7B病棟）7B病棟ﾅｰｽ,2024/11/13,16:28:30
KHNB0154,病棟7F看護部（7B病棟）7B病棟ﾅｰｽ,2024/11/13,16:08:07
KHNB0155,病棟7F看護部（7B病棟）7B病棟ﾅｰｽ,2024/11/13,16:31:27
KHNB0156,病棟8F看護部（8F病棟）8F病棟ﾅｰｽ,2024/11/13,16:37:39
KHNB0157,病棟8F看護部（8F病棟）8F病棟ﾅｰｽ,2024/11/13,16:09:37
KHNB0158,病棟8F看護部（8F病棟）8F病棟ﾅｰｽ,2024/11/13,16:33:06
KHNB0159,病棟8F看護部（8F病棟）8F病棟ﾅｰｽ,2024/11/13,16:23:22
KHNB0160,病棟8F看護部（8F病棟）8F病棟ﾅｰｽ,2024/11/13,16:06:36
KHNB0161,病棟8F看護部（8F病棟）8F病棟ﾅｰｽ,2024/11/13,16:22:35
KHNB0162,病棟8F看護部（8F病棟）8F病棟ﾅｰｽ,2024/11/13,16:12:35
KHNB0163,病棟8F看護部（8F病棟）8F病棟ﾅｰｽ,2024/11/13,16:11:52
KHNB0164,病棟8F看護部（8F病棟）8F病棟ﾅｰｽ,2024/11/13,16:19:25
KHNB0165,病棟8F看護部（8F病棟）8F病棟ﾅｰｽ,2024/11/13,16:22:37
KHNB0166,病棟8F看護部（8F病棟）8F病棟ﾅｰｽ,2024/11/13,16:23:04
KHNB0167,病棟8F看護部（8F病棟）8F病棟ﾅｰｽ,2024/11/13,16:30:46
KHNB0168,病棟8F看護部（8F病棟）8F病棟ﾅｰｽ,2024/11/13,16:23:50
KHNB0169,病棟8F看護部長室相談室２,2024/11/13,16:37:30
KHNB0170,病棟8F看護部長室相談室２,2024/11/13,15:55:00
KHNB0171,病棟8F看護部長室相談室２,2024/11/13,16:19:40
KHNB0173,病棟B1F栄養管理室栄養管理室,2024/11/11,16:38:29
KHNB0174,病棟B1F栄養管理室栄養管理室,2024/11/13,16:20:43
KHNB0175,病棟B1F栄養管理室栄養管理室,2024/11/13,15:49:09
KHNB0176,病棟1F看護部（外来）診察窓口③,2024/11/13,16:30:20
KHNB0177,病棟1F看護部（外来）内科・外科診察室③,2024/11/13,16:26:17
KHNB0178,病棟1F看護部（外来）泌尿器科診察室⑨　,2024/11/13,16:18:08
KHNB0179,病棟2F看護部（外来）頭頸科処置室⑪,2024/11/13,15:19:37
KHNB0180,病棟1F看護部（外来）診察窓口①,2024/11/13,16:06:58
KHNB0181,病棟2F看護部（外来）受付⑤　奥,2024/11/13,16:02:13
KHNB0182,病棟1F看護部（外来）器材庫,2024/11/13,15:58:55
KHNB0183,病棟3F看護部看護当直室,2024/11/13,16:25:21
KHNB0184,新外来棟2Fサポーティブケアセンタサポー,2024/11/7,11:06:19
KHNB0185,新外来棟2Fサポーティブケアセンタサポー,2024/11/13,15:00:20
KHNB0186,新外来棟2Fサポーティブケアセンタサポー,2024/11/13,16:26:58
KHNB0187,新外来棟2Fサポーティブケアセンタサポー,2024/11/13,16:06:44
KHNB0188,病棟2F看護部（通治）通院治療センター,2024/11/13,16:34:33
KHNB0189,病棟2F看護部（通治）通院治療センター,2024/11/12,16:42:05
KHNB0190,病棟2F看護部（通治）通院治療センター,2024/11/13,13:12:04
KHNB0191,病棟2F看護部（通治）通院治療センター,2024/11/13,14:24:32
KHNB0192,病棟2F看護部（通治）通院治療センター,2024/11/13,16:16:56
KHNB0193,病棟2F看護部（通治）通院治療センター,2024/11/13,16:26:18
KHNB0194,病棟2F看護部（通治）通院治療センター,2024/11/13,16:32:56
KHNB0195,病棟2F看護部（通治）通院治療センター,2024/11/13,11:25:22
KHNB0196,病棟2F看護部（通治）通院治療センター,2024/11/13,16:31:36
KHNB0197,病棟2F看護部（通治）通院治療センター,2024/11/13,16:29:58
KHNB0198,高ｴﾈﾙｷﾞｰ棟1F放射線部4D-CT,2024/11/13,14:00:53
KHNB0199,高ｴﾈﾙｷﾞｰ棟1F放射線部待合室,2016/9/30,17:15:16
KHNB0200,高ｴﾈﾙｷﾞｰ棟1F放射線部放射線治療診,2024/11/13,12:23:36
KHNB0201,病棟1F放射線部血管造影室 操作室(血管,2024/11/13,16:16:37
KHNB0202,陽子線棟2F放射線部処置室,2024/10/22,10:59:32
KHNB0204,陽子線棟3F放射線部治療計画室,2024/11/13,14:55:33
KHNB0205,陽子線棟3F放射線部治療計画室,2024/11/13,15:39:41
KHNB0206,病棟B1F薬剤部調剤事務室,2024/11/13,16:36:49
KHNB0207,病棟B1F薬剤部調剤事務室,2024/11/12,17:28:03
KHNB0208,病棟B1F薬剤部調剤事務室,2024/11/12,16:36:33
KHNB0209,病棟B1F薬剤部調剤事務室,2024/11/13,16:17:41
KHNB0210,病棟B1F薬剤部調剤事務室,2024/11/13,16:37:27
KHNB0211,病棟B1F薬剤部調剤事務室,2024/11/13,16:31:39
KHNB0212,病棟B1F薬剤部調剤事務室,2024/11/13,15:14:20
KHNB0213,病棟1F薬剤部調剤事務室,2024/11/13,15:21:11
KHNB0214,病棟2F薬剤部通院治療センター,2024/11/13,16:04:57
KHNB0215,病棟2F薬剤部通院治療センター,2024/11/13,12:19:51
KHNB0216,病棟1F薬剤部調剤事務室,2024/11/13,16:37:07
KHNB0217,病棟B1F薬剤部調剤事務室,2024/11/13,16:34:13
KHNB0218,病棟1F薬剤部調剤事務室,2024/11/12,13:55:45
KHNB0219,陽子線棟2F薬剤部ホットラボ室,2024/11/13,11:25:01
KHNB0220,病棟B1F薬剤部抗がん薬調製室,2024/11/13,16:07:03
KHNB0221,病棟1F薬剤部調剤事務室,2024/11/11,15:11:23
KHNB0222,病棟2F看護部（外来）婦人科診察室⑮,2024/11/13,16:30:22
KHNB0223,病棟2F臨床検査部治験検査室,2024/11/13,16:05:18
KHNB0224,病棟2F臨床検査部超音波室（4）,2024/11/13,16:21:35
KHNB0225,病棟2F臨床検査部超音波室（5）読影室,2024/11/13,12:32:03
KHNB0226,病棟2F臨床検査部超音波室（3）,2024/11/7,15:08:01
KHNB0227,病棟2F臨床検査部超音波室（6）,2024/11/13,11:26:33
KHNB0228,緩和ケア1F看護部（緩和ｹｱ）緩和ｹｱ病,2024/11/13,16:31:14
KHNB0229,緩和ケア1F看護部（緩和ｹｱ）緩和ｹｱ病,2024/11/13,16:29:50
KHNB0230,緩和ケア1F看護部（緩和ｹｱ）緩和ｹｱ病,2024/11/13,16:32:45
KHNB0231,緩和ケア1F看護部（緩和ｹｱ）緩和ｹｱ病,2024/11/13,16:24:02
KHNB0232,緩和ケア1F看護部（緩和ｹｱ）緩和ｹｱ病,2024/11/13,16:28:54
KHNB0233,緩和ケア1F看護部（緩和ｹｱ）緩和ｹｱ病,2024/11/13,16:32:18
KHNB0234,緩和ケア1F看護部（緩和ｹｱ）緩和ｹｱ病,2024/10/27,09:02:43
KHNB0235,緩和ケア1F看護部（緩和ｹｱ）緩和ｹｱ病,2024/11/13,16:29:38
KHNB0236,緩和ケア1F看護部（緩和ｹｱ）緩和ｹｱ病,2024/11/13,16:31:57
KHNB0237,緩和ケア1F看護部（緩和ｹｱ）緩和ｹｱ病,2024/11/13,16:15:39
KHNB0238,病棟4F看護部（4B病棟）4B病棟ﾅｰｽ,2024/11/13,16:27:50
KHNB0239,病棟1F医事課医事室,2024/11/13,15:03:06
KHNB0241,病棟B1F栄養管理室栄養管理室,2024/11/13,15:46:04
KHNB0242,病棟1F医事課保険証確認カウンター,2024/11/8,13:56:35
KHNB0243,病棟1F医事課医事室,2024/11/13,16:28:38
KHNB0244,病棟1F医事課医事室,2024/11/13,16:06:15
KHNB0245,病棟1F医事課医事室,2024/11/8,16:30:55
KHNB0251,病棟3Fクオリティマネジメント室クオリテ,2024/10/2,11:22:51
KHNB0252,病棟5F看護部（5A病棟）5A病棟ﾅｰｽ,2024/11/13,16:25:02
KHNB0253,病棟5F看護部（5A病棟）5A病棟ﾅｰｽ,2024/11/13,16:36:12
KHNB0254,病棟1F医事課医事室,2024/11/13,14:53:06
KHNB0257,病棟1F医事課医事室,2024/11/13,10:10:19
KHNB0258,病棟1F医事課医事室,2024/11/8,16:34:21
KHNB0260,病棟B1F栄養管理室栄養管理室,2024/11/13,16:31:53
KHNB0261,病棟1F看護部（外来）診察窓口①　脇部屋,2024/11/13,16:22:31
KHNB0262,病棟1F看護部（外来）外来・診療室⑱　奥,2024/11/12,12:31:32
KHNB0265,病棟1F医事課医事室,2024/11/8,16:40:28
KHNB0266,NEXT棟3F看護部（ICU)ICU（6,2024/11/13,16:30:28
KHNB0267,高ｴﾈﾙｷﾞｰ棟1F放射線部放射線診察室,2024/11/13,15:29:14
KHNB0268,高ｴﾈﾙｷﾞｰ棟1F放射線部4D-CT,2024/11/12,11:20:59
KHNB0269,高ｴﾈﾙｷﾞｰ棟1F放射線部ﾘﾆｱｯｸ操,2024/11/13,15:59:52
KHNB0270,高ｴﾈﾙｷﾞｰ棟1F放射線部治療計画室,2024/11/13,14:33:30
KHNB0271,高ｴﾈﾙｷﾞｰ棟1F放射線部治療計画室,2024/11/13,16:33:24
KHNB0272,陽子線棟1F放射線部陽子線治療操作室,2024/11/13,16:17:59
KHNB0273,病棟1F放射線部画像処理室,2016/9/30,12:01:37
KHNB0274,病棟1F放射線部血管造影室 操作室(血管,2024/11/13,16:09:30
KHNB0275,陽子線棟1F放射線部陽子線治療操作室,2024/11/13,13:58:34
KHNB0276,病棟3F治験管理室検体解析室（通院治療セ,2024/11/13,16:18:54
KHNB0277,病棟3F治験管理室臨床研究コーディネータ,2024/11/13,15:05:51
KHNB0278,病棟8F看護部長室相談室２,2024/11/13,13:18:31
KHNB0279,病棟8F看護部看護大学教官室 （臨床教員,2024/11/13,15:02:35
KHNB0280,病棟B1F薬剤部調剤事務室,2016/9/30,12:44:47
KHNB0281,病棟B1F薬剤部調剤事務室,2024/10/16,10:05:33
KHNB0282,病棟B1F薬剤部調剤事務室,2024/11/11,19:14:23
KHNB0283,病棟3F看護部看護部長室看護副部長室,2024/11/13,16:08:02
KHNB0284,NEXT棟4F手術室OP-1,2024/11/13,16:29:07
KHNB0285,NEXT棟4F手術室OP-2,2024/11/13,13:50:24
KHNB0286,NEXT棟4F手術室OP-5,2024/11/13,16:35:30
KHNB0287,NEXT棟4F手術室OP-3,2024/11/13,15:04:49
KHNB0288,NEXT棟4F手術室OP-4,2024/11/13,16:30:47
KHNB0289,NEXT棟4F手術室OP-5,2024/11/5,16:08:02
KHNB0290,NEXT棟4F手術室OP-7,2024/11/13,16:12:04
KHNB0291,NEXT棟4F手術室OP-9,2024/11/13,16:28:29
KHNB0292,病棟2F看護部（通治）通院治療センター,2024/11/13,16:28:00
KHNB0293,病棟2F看護部（通治）通院治療センター,2024/11/13,16:31:02
KHNB0294,病棟2F看護部（通治）通院治療センター,2024/11/13,16:28:13
KHNB0295,病棟2F看護部（通治）通院治療センター,2024/11/13,15:59:10
KHNB0296,病棟2F看護部（通治）通院治療センター,2024/11/13,16:31:14
KHNB0297,病棟2F看護部（通治）通院治療センター,2024/11/13,15:30:28
KHNB0298,病棟2F通院治療センター,2024/11/13,15:43:15
KHNB0299,NEXT棟2F臨床検査部・病理作製室　細,2024/11/5,10:54:07
KHNB0300,NEXT棟2F臨床検査部・病理作製室　生,2024/11/11,10:34:28
KHNB0301,NEXT棟2F臨床検査部・病理作製室　細,2024/9/13,13:25:06
KHNB0303,NEXT棟2F臨床検査部・病理包埋薄切室,2024/11/6,08:21:19
KHNB0304,NEXT棟2F臨床検査部・病理包埋薄切室,2024/11/12,17:40:42
KHNB0305,NEXT棟2F臨床検査部・病理包埋薄切室,2024/10/15,10:11:08
KHNB0306,NEXT棟4F看護部（手術）スタッフステ,2024/11/13,13:57:12
KHNB0307,NEXT棟4F手術室OP-10,2024/11/13,16:36:52
KHNB0308,NEXT棟4F手術室スタッフステーション,2024/11/13,16:24:00
KHNB0309,NEXT棟4F手術室OP-8,2024/11/13,15:50:19
KHNB0310,病棟8F看護部看護大学教官室 （臨床教員,2024/11/13,13:58:42
KHNB0313,病棟2F看護部（外来）採血室 ⑥,2024/11/13,15:01:23
KHNB0314,病棟2F看護部（外来）採血室 ⑯,2024/11/13,14:36:17
KHNB0315,病棟2F看護部（外来）外来受付6,2024/11/13,16:09:05
KHNB0316,病棟2F看護部（外来）採血室 増設ブース,2024/11/13,16:15:36
KHNB0317,病棟2F看護部（外来）採血室 ⑩,2024/11/13,10:38:06
KHNB0318,病棟2F看護部（外来）診察室⑫,2024/11/13,13:33:03
KHNB0320,病棟4F看護部（外来）医療安全管理室（感,2024/11/13,16:06:32
KHNB0321,病棟1F看護部（外来）外来受付3,2016/9/30,14:54:48
KHNB0322,病棟1F看護部（外来）外来受付2,2024/11/12,11:26:03
KHNB0323,病棟2F看護部（外来）外来受付 5,2024/11/13,16:21:59
KHNB0324,病棟3F臨床検査部細菌検査室,2024/11/6,18:21:28
KHNB0325,病棟1F医事課医事室,2024/11/8,16:58:35
KHNB0331,病棟2Fバイオバンクバイオバンク窓口,2024/11/13,14:39:46
KHNB0332,病棟B1F薬剤部001,2024/11/13,14:48:41
KHNB0333,病棟B1F薬剤部002,2024/11/13,13:59:48
KHNB0334,病棟B1F薬剤部003,2024/11/13,16:36:42
KHNB0335,病棟B1F薬剤部004,2024/11/13,16:18:25
KHNB0336,病棟B1F薬剤部005,2024/11/13,16:33:43
KHNB0337,病棟B1F薬剤部006,2024/11/13,13:36:21
KHNB0338,病棟B1F薬剤部007,2017/2/8,17:17:34
KHNB0339,病棟B1F薬剤部008,2024/11/13,09:11:49
KHNB0340,病棟B1F薬剤部009,2024/11/13,16:30:32
KHNB0341,病棟B1F薬剤部010,2024/11/13,14:53:58
KHNB0342,病棟B1F薬剤部011,2024/11/13,16:28:49
KHNB0343,病棟B1F薬剤部012,2024/11/13,16:32:28
KHNB0344,病棟B1F薬剤部013,2024/11/13,16:31:48
KHNB0345,病棟B1F薬剤部014,2024/11/13,16:31:00
KHNB0346,病棟B1F薬剤部015,2024/11/13,11:25:31
KHNB0347,病棟B1F薬剤部016,2024/11/12,18:51:15
KHNB0348,病棟B1F薬剤部017,2024/11/13,16:13:31
KHNB0349,病棟B1F薬剤部018,2024/11/13,16:13:48
KHNB0350,病棟B1F薬剤部019,2024/11/13,11:40:44
KHNB0351,病棟B1F薬剤部020,2024/11/13,08:59:29
KHNB0352,病棟3F治験管理室臨床研究コーディネータ,2024/11/13,16:36:55
KHNB0353,病棟3F治験管理室臨床研究コーディネータ,2024/11/13,15:41:35
KHNB0354,病棟3F治験管理室臨床研究コーディネータ,2024/11/13,13:05:47
KHNB0355,病棟3F治験管理室臨床研究コーディネータ,2024/11/13,16:24:39
KHNB0356,病棟3F治験管理室臨床研究コーディネータ,2024/11/13,15:07:09
KHNB0357,病棟8F治験管理室本館04,2022/12/1,17:29:32
KHNB0358,病棟3F治験管理室臨床研究コーディネータ,2024/11/13,16:30:34
KHNB0359,病棟3F治験管理室臨床研究コーディネータ,2024/11/13,16:22:42
KHNB0360,病棟3F治験管理室臨床研究コーディネータ,2024/11/13,16:16:01
KHNB0361,病棟3F治験管理室臨床研究コーディネータ,2024/11/13,16:26:01
KHNB0362,病棟3F治験管理室臨床研究コーディネータ,2024/11/13,14:47:12
KHNB0363,先端医療開発センター5F臨床研究推進部執,2024/9/11,16:16:46
KHNB0364,病棟3F治験管理室臨床研究コーディネータ,2024/11/13,16:28:55
KHNB0370,病棟3F治験管理室臨床研究コーディネータ,2024/11/13,15:13:04
KHNB0371,病棟3F治験管理室臨床研究コーディネータ,2024/11/13,15:41:07
KHNB0372,病棟3F治験管理室臨床研究コーディネータ,2024/11/13,16:29:03
KHNB0373,病棟3F治験管理室臨床研究コーディネータ,2024/11/13,13:55:15
KHNB0374,病棟3F治験管理室臨床研究コーディネータ,2024/11/13,16:34:54
KHNB0375,医局棟3F医局医長室29,2024/11/13,16:02:21
KHNB0377,病棟1F放射線部ＣＴ操作室,2024/11/13,16:11:25
KHNB0378,病棟1F放射線部ＣＴ操作室,2024/11/13,16:02:30
KHNB0379,NEXT棟2F臨床検査部・病理包埋薄切室,2024/9/12,12:56:58
KHNB0380,病棟8F治験管理室本館01（SDV端末5,2022/5/27,12:39:04
KHNB0381,病棟3F治験管理室臨床研究コーディネータ,2024/11/5,11:09:21
KHNB0382,病棟8F治験管理室本館03（SDV端末7,2022/1/17,17:15:31
KHNB0383,病棟3F治験管理室臨床研究コーディネータ,2024/11/13,16:15:35
KHNB0384,病棟8F治験管理室本館05（SDV端末9,2024/11/13,16:21:49
KHNB0385,病棟8F治験管理室本館06（SDV端末1,2024/11/13,16:36:36
KHNB0386,病棟8F治験管理室本館07（SDV端末1,2024/11/13,11:57:26
KHNB0387,病棟8F治験管理室本館08（SDV端末1,2024/11/13,16:29:34
KHNB0388,病棟1F看護部（外来）診察室⑥　奥,2024/11/13,15:14:45
KHNB0389,病棟1F看護部（外来）診察室④　奥,2024/11/12,13:47:15
KHNB0390,病棟1F看護部（外来）診察室⑩　奥,2024/11/13,16:16:47
KHNB0391,病棟2F看護部（外来）内科・外科診察室②,2024/11/13,13:45:50
KHNB0392,病棟2F看護部（外来）内科・外科診察室⑤,2024/11/13,16:24:11
KHNB0393,病棟2F看護部（外来）内科・外科診察室⑥,2024/11/13,15:05:14
KHNB0394,病棟2F看護部（外来）内科・外科診察室③,2024/11/13,15:54:20
KHNB0395,病棟2F看護部（外来）診察室④,2024/11/13,16:26:32
KHNB0396,病棟2F看護部（外来）受付⑥,2024/11/13,14:33:50
KHNB0397,病棟2F看護部（外来）診察室⑬,2024/11/13,15:26:23
KHNB0398,病棟2F看護部（外来）眼科診察室⑱B,2024/11/13,15:47:35
KHNB0399,新外来棟2F看護部（外来）診察室?　奥,2024/11/13,11:57:56
KHNB0400,新外来棟2F看護部（外来）診察室?　奥,2024/11/13,16:37:56
KHNB0401,新外来棟1F看護部（外来）ｽﾀｯﾌﾙｰﾑ,2024/11/13,16:22:33
KHNB0402,新外来棟1F看護部（外来）ｽﾀｯﾌﾙｰﾑ,2024/11/13,15:57:27
KHNB0403,新外来棟1F看護部（外来）ｽﾀｯﾌﾙｰﾑ,2024/11/13,16:34:01
KHNB0404,新外来棟1F看護部（外来）処置室①,2024/11/13,16:14:27
KHNB0405,新外来棟1F看護部（外来）ｽﾀｯﾌﾙｰﾑ,2024/11/13,14:45:35
KHNB0406,病棟2F看護部（外来）採血室 ⑬,2024/11/13,16:26:33
KHNB0407,新外来棟2F看護部（外来）受付⑦　奥,2024/11/13,16:21:43
KHNB0408,新外来棟2F看護部（外来）受付⑦　奥,2024/11/13,15:27:14
KHNB0409,新外来棟2F看護部（外来）受付⑦　奥,2024/11/13,14:06:29
KHNB0410,新外来棟2F看護部（外来）受付⑦　奥,2024/11/13,15:24:53
KHNB0411,新外来棟1F看護部（外来）処置室②,2024/11/13,14:59:47
KHNB0412,病棟3F看護部（外来）入院準備センター,2024/11/13,15:53:45
KHNB0413,新外来棟2Fサポーティブケアセンタサポー,2024/11/13,15:26:02
KHNB0414,病棟3F看護部（外来）入院準備センター,2024/11/13,16:35:08
KHNB0415,病棟3F看護部（外来）入院準備センター,2024/11/13,15:52:21
KHNB0416,病棟2F看護部（通治）通院治療センター,2024/11/13,16:31:02
KHNB0417,病棟2F看護部（通治）通院治療センター,2024/11/13,16:13:29
KHNB0418,病棟9Fリハビリセンタースタッフルーム,2024/11/13,16:25:51
KHNB0419,病棟9Fリハビリセンタースタッフルーム,2024/11/13,16:29:41
KHNB0420,病棟1F看護部（外来）器材庫,2024/11/13,15:51:33
KHNB0421,病棟2F看護部（外来）採血室 増設ブース,2024/11/5,15:08:40
KHNB0422,病棟1F看護部（外来）診察窓口 ③,2024/11/13,16:28:01
KHNB0423,病棟9Fリハビリセンタースタッフルーム,2024/11/13,15:18:37
KHNB0424,病棟9Fリハビリセンタースタッフルーム,2024/11/13,16:34:17
KHNB0426,病棟1F放射線部小児陽子線,2024/11/13,15:24:26
KHNB0427,病棟4F臨床検査部臨床研究検査室,2024/11/13,16:27:06
KHNB0428,新外来棟2Fサポーティブケアセンタサポー,2024/11/13,16:11:19
KHNB0430,病棟9Fリハビリセンタースタッフルーム,2024/11/13,15:55:44
KHNB0431,新外来棟2F看護部（外来）外来受付7,2024/11/13,09:51:42
KHNB0432,病棟1F看護部（外来）外来受付1,2024/11/13,13:58:18
KHNB0433,病棟2F看護部（外来）採血室 ⑤,2024/11/13,15:59:15
KHNB0434,新外来棟1F看護部（外来）外来受付4,2024/11/13,15:29:13
KHNB0435,病棟1F看護部（外来）外来受付2,2024/11/13,15:43:51
KHNB0450,NEXT棟1F内視鏡部検査室(5),2024/11/13,13:29:37
KHNB0451,NEXT棟1F内視鏡部検査室(11),2024/11/13,09:02:57
KHNB0452,NEXT棟1F内視鏡部検査室(2),2024/11/13,11:21:01
KHNB0453,NEXT棟1F内視鏡部スタッフコーナー,2024/11/13,16:35:44
KHNB0454,NEXT棟1F内視鏡部検査室(12),2024/11/13,15:27:27
KHNB0455,NEXT棟1F内視鏡部X-TV室(4),2024/11/13,10:43:42
KHNB0456,NEXT棟1F内視鏡部スタッフコーナー,2024/11/13,16:36:13
KHNB0457,NEXT棟1F内視鏡部検査室(3),2024/11/13,16:12:32
KHNB0458,NEXT棟1F内視鏡部検査室(8),2024/11/13,14:47:11
KHNB0459,NEXT棟1F内視鏡部スタッフコーナー,2024/11/13,16:30:12
KHNB0460,NEXT棟1F内視鏡部X-TV室(1),2024/11/13,15:44:37
KHNB0461,NEXT棟1F内視鏡部検査室(9),2024/11/13,16:15:39
KHNB0462,NEXT棟1F内視鏡部カンファレンス室,2024/11/13,12:59:18
KHNB0463,NEXT棟1F内視鏡部スタッフコーナー,2024/11/13,16:36:57
KHNB0464,NEXT棟1F内視鏡部受付,2024/11/13,16:29:20
KHNB0465,NEXT棟2F事務局事務局,2024/11/11,16:48:22
KHNB0466,NEXT棟3F看護部（ICU)ICUスタ,2024/11/13,16:29:44
KHNB0467,NEXT棟4F手術室OP-11,2024/11/13,12:11:44
KHNB0468,NEXT棟4F手術室OP-11,2024/11/13,12:30:12
KHNB0469,NEXT棟4F手術室OP-12,2024/11/13,16:18:24
KHNB0470,NEXT棟4F手術室OP-12,2024/11/13,16:07:43
KHNB0471,NEXT棟4F手術室リカバリーコーナー,2024/11/13,15:07:46
KHNB0472,NEXT棟4F手術室リカバリーコーナー,2024/11/13,16:29:44
KHNB0473,NEXT棟3F看護部（ICU)ICUスタ,2024/11/8,12:10:28
KHNB0474,NEXT棟4F手術室リカバリーコーナー,2024/11/13,16:10:58
KHNB0475,NEXT棟4F手術室リカバリーコーナー,2024/11/13,14:33:47
KHNB0476,NEXT棟4F手術室リカバリーコーナー,2024/11/13,16:18:44
KHNB0477,NEXT棟4F麻酔科麻酔医室,2024/11/13,16:20:43
KHNB0478,NEXT棟4F麻酔科麻酔医室,2024/11/13,16:18:31
KHNB0479,NEXT棟4F看護部（手術）スタッフステ,2024/11/13,14:24:57
KHNB0480,NEXT棟4F看護部（手術）スタッフステ,2024/11/13,16:23:44
KHNB0481,NEXT棟4F看護部（手術）OP-8,2024/11/13,16:26:36
KHNB0482,NEXT棟1F内視鏡部研修控室1,2024/11/13,15:26:43
KHNB0483,NEXT棟2F薬剤部製剤調整室（P2仕様,2024/11/13,14:05:59
KHNB0484,病棟5F看護部（5A病棟）5A病棟ﾅｰｽ,2024/11/13,16:31:00
KHNB0485,病棟2F看護部（通治）通院治療センター,2024/11/13,16:35:23
KHNB0486,病棟2F看護部（通治）通院治療センター,2024/11/13,16:10:33
KHNB0487,病棟2F看護部（通治）通院治療センター,2024/11/13,16:32:37
KHNB0488,病棟2F看護部（通治）通院治療センター,2024/11/13,16:25:13
KHNB0489,病棟2F看護部（通治）通院治療センター,2024/11/13,16:30:31
KHNB0490,先端医療開発センター5F臨床研究推進部執,2024/10/1,12:00:56
KHNB0491,病棟3F看護部（外来）入院準備センター,2024/11/13,16:11:39
KHNB0492,病棟3F看護部（外来）入院準備センター,2024/11/13,16:28:36
KHNB0493,病棟1F看護部（外来）診察室⑪,,
KHNB1001,陽子線棟3Fヘルプデスク貸出端末①,2022/12/6,10:26:05
KHNB1002,陽子線棟3Fヘルプデスク貸出端末②,2024/11/11,17:35:23
KHNB1003,病棟3F医療情報部医療情報部,2024/11/1,10:57:33
KHNB1005,陽子線棟3Fヘルプデスク貸出端末③,2021/8/2,16:10:56
KHNB1006,陽子線棟3Fヘルプデスク中央参照用貸出端,,
KHNB1007,陽子線棟3Fヘルプデスク中央参照用貸出端,2024/10/28,17:13:07
KHNB1008,陽子線棟3Fヘルプデスク中央参照用貸出端,2024/11/11,15:50:51
KHNB2002,病棟3F治験管理室臨床研究コーディネータ,2024/11/13,16:27:49
KHNB2003,病棟3F治験管理室臨床研究コーディネータ,2024/11/13,16:26:46
KHNB2004,病棟3F治験管理室臨床研究コーディネータ,2024/11/13,16:09:37
KHNB2005,病棟3F治験管理室臨床研究コーディネータ,2021/7/4,14:49:11
KHNB2006,病棟3F治験管理室臨床研究コーディネータ,2024/11/13,13:03:55
KHNB2007,病棟3F臨床研究コーディネータ―室分室3,2024/11/13,16:27:27
KHNB2008,病棟3F臨床研究コーディネータ―室分室3,2024/11/13,16:31:26
KHNB2009,病棟3F治験管理室臨床研究コーディネータ,2024/11/13,16:37:50
KHNB2010,病棟3F臨床研究コーディネータ―室分室3,2024/11/12,15:22:08
KHNB2011,病棟3F治験管理室臨床研究コーディネータ,2024/11/13,16:23:05
KHNB2012,病棟3F治験管理室臨床研究コーディネータ,2024/11/13,16:25:32
KHNB2013,病棟3F治験管理室臨床研究コーディネータ,2024/11/13,16:26:05
KHNB2014,病棟3F治験管理室臨床研究コーディネータ,2024/11/13,16:33:22
KHNB2015,病棟3F治験管理室臨床研究コーディネータ,2024/11/13,16:33:13
KHNB2016,病棟3F治験管理室臨床研究コーディネータ,2024/11/13,16:23:28
KHNB2017,病棟3F治験管理室臨床研究コーディネータ,2021/1/12,09:54:51
KHNB2018,病棟3F治験管理室臨床研究コーディネータ,2024/11/13,16:13:44
KHNB2019,病棟3F治験管理室臨床研究コーディネータ,2024/11/13,16:31:43
KHNB2020,病棟3F治験管理室臨床研究コーディネータ,2024/11/13,16:29:32
KHNB2021,病棟3F治験管理室臨床研究コーディネータ,2024/9/17,15:31:59
KHNB2022,病棟3F治験管理室臨床研究コーディネータ,2024/11/13,16:32:16
KHNB2023,病棟3F治験管理室臨床研究コーディネータ,2024/11/13,16:25:44
KHNB2024,病棟3F治験管理室臨床研究コーディネータ,2024/11/13,16:28:19
KHNB2025,病棟5F看護部（5A病棟）5A病棟ﾅｰｽ,2024/11/13,16:22:46
KHNB2026,病棟3F治験管理室臨床研究コーディネータ,,
KHNB2027,先端医療開発センター2F緩和医療科緩和ケ,2024/11/13,14:54:16
KHNB2029,先端医療開発センター5F先端医療開発支援,2024/11/13,16:29:40
KHNB2030,病棟3F治験管理室共用室(3),2024/11/13,14:44:31
KHNB2031,病棟3F治験管理室臨床研究コーディネータ,2024/11/13,16:19:40
KHNB2032,病棟3F治験管理室共用室(5),2024/11/13,13:56:01
KHNB2033,病棟3F治験管理室共用室(6),2024/11/13,14:18:04
KHNB2034,病棟3F治験管理室臨床研究コーディネータ,2024/11/13,16:29:43
KHNB2035,病棟3F治験管理室臨床研究コーディネータ,2024/11/13,16:10:21
KHNB2036,病棟3F治験管理室臨床研究コーディネータ,2024/11/13,15:16:01
KHNB2037,病棟3F治験管理室臨床研究コーディネータ,2024/11/13,16:21:34
KHNB2038,病棟3F治験管理室臨床研究コーディネータ,2024/10/18,17:17:58
KHNB2039,病棟3F治験管理室臨床研究コーディネータ,2024/11/13,16:29:14
KHNB2040,病棟3F治験管理室臨床研究コーディネータ,2024/11/13,15:51:52
KHNB2041,病棟3F治験管理室臨床研究コーディネータ,2024/11/13,16:29:58
KHNB2042,病棟3F治験管理室臨床研究コーディネータ,2024/11/13,15:13:39
KHNB2043,病棟3F治験管理室臨床研究コーディネータ,2024/11/13,16:28:30
KHNB2044,病棟3F治験管理室臨床研究コーディネータ,2024/11/13,16:29:55
KHNB2045,病棟3F治験管理室臨床研究コーディネータ,2024/11/13,14:45:34
KHNB2046,病棟3F治験管理室臨床研究コーディネータ,2024/11/13,16:07:44
KHNB2047,病棟3F治験管理室共用室(4),2024/11/12,13:10:22
KHNB2048,病棟3F治験管理室臨床研究コーディネータ,2024/11/13,16:27:07
KHNB2049,病棟3F治験管理室臨床研究コーディネータ,2024/11/13,16:10:46
KHNB2050,陽子線棟2F放射線部ＲＩ室準備室,2024/11/12,17:32:47
KHNB2051,病棟2F臨床検査部（生化学）生化学検査室,2024/11/13,16:31:52
KHNB2052,病棟B1F栄養管理室栄養管理室,2024/10/31,15:36:54
KHNB2053,病棟B1F栄養管理室栄養管理室,2024/11/13,16:04:46
KHNB2054,病棟B1F栄養管理室栄養管理室,2024/11/13,16:17:15
KHNB2055,病棟B1F栄養管理室栄養管理室,2024/10/31,16:58:41
KHNB2056,病棟B1F栄養管理室栄養管理室,2024/11/13,16:35:26
KHNB2057,病棟2F看護部（外来）診察室⑱B,2024/11/13,16:10:58
KHNB2058,病棟B1F薬剤部調剤事務室,2024/11/13,13:53:55
KHNB2059,病棟B1F薬剤部調剤事務室,2024/11/13,16:06:49
KHNB2060,病棟B1F薬剤部調剤事務室,2024/11/13,15:05:02
KHNB2061,病棟4F臨床検査部臨床研究検査室,2024/11/13,12:06:54
KHNB2062,病棟4F臨床検査部臨床研究検査室,2024/11/5,17:00:37
KHNB2063,病棟4F臨床検査部臨床研究検査室,2022/6/10,15:19:26
KHNB2064,病棟3F医療情報部医療情報部,2024/11/13,13:57:02
KHNB2065,病棟3F医療情報部医療情報部,2024/11/13,16:22:42
KHNB2066,NEXT棟2F臨床検査部（遺伝子）遺伝子,2024/11/13,09:31:56
KHNB2067,NEXT棟2F臨床検査部（病理）包埋薄切,,
KHNB2068,NEXT棟2F臨床検査部（病理）鏡検室,2024/11/12,19:05:20
KHNB2069,病棟3Fローカル支援作業用,2024/11/13,15:49:54
KHNB2070,病棟3Fローカル支援作業用,2024/11/13,16:06:45
KHNB2071,病棟3Fローカル支援作業用,2024/11/13,16:22:32
KHNB2072,病棟3Fローカル支援作業用,2024/11/13,15:58:28
KHNB2073,病棟3Fローカル支援作業用,2024/11/13,16:34:32
KHNB2074,病棟3Fローカル支援作業用,2024/11/13,16:20:18
KHNB2075,病棟3Fローカル支援作業用,2024/11/13,15:45:54
KHNB2076,病棟3Fローカル支援作業用,2024/11/13,16:37:13
KHNB2077,病棟3Fローカル支援作業用,2024/11/11,11:06:05
KHNB2078,病棟3Fローカル支援作業用,2024/11/13,15:49:34
KHNB2079,病棟1F医事課医事室,2024/11/13,16:37:03
KHNB2082,医局棟4F医局科長室6,2024/11/11,16:30:41
KHNB2084,病棟1F医事課医事課外来予約カウンター,2024/11/13,16:37:08
KHNB2085,病棟1F医事課医事課外来予約カウンター,2024/11/13,12:31:39
KHNB2086,陽子線棟1F放射線治療科小線源治療室,2024/11/13,10:40:55
KHNB2087,陽子線棟1F放射線治療科小線源治療室,2024/11/13,10:38:24
KHNB2088,病棟8F看護部（8F病棟）8F病棟ﾅｰｽ,2024/11/13,16:20:24
KHNB2089,病棟4F看護部（4B病棟）4B病棟ﾅｰｽ,2024/11/13,16:26:59
KHNB2090,病棟4F看護部（4B病棟）4B病棟ﾅｰｽ,2024/11/13,16:23:20
KHNB2091,病棟5F看護部（5A病棟）5A病棟ﾅｰｽ,2024/11/13,16:20:55
KHNB2092,病棟5F看護部（5B病棟）5B病棟ﾅｰｽ,2024/11/13,16:27:24
KHNB2093,病棟5F看護部（5B病棟）5B病棟ﾅｰｽ,2024/11/13,16:27:33
KHNB2094,病棟6F看護部（6A病棟）6A病棟ﾅｰｽ,2024/11/13,16:33:28
KHNB2095,病棟6F看護部（6B病棟）6B病棟ﾅｰｽ,2024/11/13,15:58:57
KHNB2096,病棟6F看護部（6B病棟）6B病棟ﾅｰｽ,2024/11/13,16:27:14
KHNB2097,病棟7F看護部（7A病棟）7A病棟ﾅｰｽ,2024/11/13,16:33:49
KHNB2098,病棟7F看護部（7A病棟）7A病棟ﾅｰｽ,2024/11/13,16:26:26
KHNB2099,病棟7F看護部（7B病棟）7B病棟ﾅｰｽ,2024/11/13,16:31:00
KHNB2100,病棟7F看護部（7B病棟）7B病棟ﾅｰｽ,2024/11/13,15:54:14
KHNB2101,病棟8F看護部（8F病棟）8F病棟ﾅｰｽ,2024/11/13,16:25:55
KHNB2102,緩和ケア1F看護部（緩和ｹｱ）緩和ｹｱ病,2024/11/13,15:14:44
KHNB2103,陽子線棟3Fヘルプデスクヘルプデスク予備,,
KHNB2105,病棟1F医事課医事課外来予約カウンター,2024/11/13,15:56:01
KHNB2106,病棟3F治験管理室臨床研究コーディネータ,2024/11/13,16:19:50
KHNB2108,病棟1F放射線部CT操作室,2024/11/13,15:13:38
KHNB2109,病棟1F放射線部CT操作室,2024/11/13,15:38:33
KHNB2110,病棟3F総務課（ヘルプデスク貸し出し機）,,
KHNB2113,緩和ケア1F看護部（緩和ｹｱ）緩和ｹｱ病,,
KHNB2114,緩和ケア1F看護部（緩和ｹｱ）緩和ｹｱ病,,
KHNB2115,病棟B1F電話交換室電話交換室,2024/11/13,16:14:11
KHNB2116,病棟8F看護部（8F病棟）8F病棟ﾅｰｽ,2024/11/13,16:26:08
KHNB2118,病棟1F医事管理課受付カウンター,2024/11/13,09:19:16
KHNB2119,医局棟3F医局科長室19,2024/11/13,13:21:36
KHNB2124,医局棟4F医局科長室10,,
KHNB2125,医局棟4F医局科長室5,2024/11/13,15:42:17
KHNB2128,病棟B1F栄養管理室栄養管理室,2023/7/27,15:35:31
KHNB2130,パークホテル診療棟2Fホテル外来ｽﾀｯﾌ,2024/11/13,14:42:33
KHNB2131,パークホテル診療棟2Fホテル外来ｽﾀｯﾌ,2024/9/10,09:29:59
KHNB2132,パークホテル診療棟2Fホテル外来ｽﾀｯﾌ,2024/11/13,13:45:41
KHNB2133,パークホテル診療棟2Fホテル外来ｽﾀｯﾌ,2024/11/13,11:55:44
KHNB2134,パークホテル診療棟2Fホテル外来外来受付,2024/11/13,14:51:05
KHNB2135,パークホテル診療棟2Fホテル外来相談室,2024/11/13,16:20:37
KHNB2136,パークホテル診療棟2Fホテル外来眼科検査,2024/11/13,15:39:38
KHNB2137,パークホテル診療棟2Fホテル外来眼科検査,2024/11/12,13:06:05
KHNB2138,パークホテル診療棟2Fホテル外来柏の葉サ,,
KHNB2139,緩和ケア1F看護部コロナ病床用,,
KHNB2140,緩和ケア1F看護部コロナ病床用,,
KHNB2141,緩和ケア1F看護部コロナ病床用,,
KHNB2142,緩和ケア1F看護部コロナ病床用,,
KHNB2143,緩和ケア1F看護部コロナ病床用,,
KHNB2144,緩和ケア1F看護部コロナ病床用,,
KHNB2145,病棟2F看護部（通治）通院治療センター,2024/11/13,16:29:34
KHNB2146,病棟1F医事課医事室,2024/11/12,15:58:58
KHNB2147,病棟1F医事課医事室,2024/11/13,16:30:27
KHNB2148,病棟1F医事課医事室,2024/11/13,16:35:55
KHNB2149,病棟9Fリハビリセンターリハビリテーショ,2024/11/13,16:34:11
KHNB2151,病棟1F医事課医事室,2024/11/13,13:39:49
KHNB2152,病棟1F医事課医事室,,
KHNB2153,高ｴﾈﾙｷﾞｰ棟1F放射線部放射線治療計,2024/11/13,16:24:37
KHNB2154,高ｴﾈﾙｷﾞｰ棟1F放射線部放射線治療計,2024/11/13,16:17:25
KHNB2155,病棟1F医事課外来予約カウンター,2024/11/13,14:33:39
KHNB2156,NEXT棟1F内視鏡部処置室,2024/11/13,14:08:01
KHNB2157,NEXT棟4F手術室OP-0,2024/11/13,13:43:24
KHNB2158,NEXT棟4F手術室OP-0,2024/11/13,13:36:54
KHNB2159,新外来棟2Fサポーティブケアセンタサポー,2024/11/13,16:37:19
KHNB2160,病棟9Fリハビリセンターリハビリテーショ,2024/11/13,15:42:10
KHNB2161,病棟9Fリハビリセンターリハビリテーショ,2024/11/13,16:27:32
KHNB2162,病棟9Fリハビリセンターリハビリテーショ,2024/11/13,15:51:57
KHNB2163,RI治療病室棟1F放射線部薬剤準備室,2024/11/12,11:04:59
KHNB2164,RI治療病室棟1F看護部ホール,2024/11/13,14:30:38
KHNBTEST,陽子線棟3Fヘルプデスク検証機,2024/9/11,10:16:47
KHOSSC01,病棟3Fヘルプデスクサーバ室,2024/10/31,14:48:18
KHOSSC02,病棟3Fヘルプデスクサーバ室,2024/10/28,15:08:12
KHVIEW,陽子線棟3FヘルプデスクKHVIEW,,
KHVM0001,陽子線棟3F病院間参照用東病院サーバ室,,
KHVM0002,陽子線棟3F病院間参照用東病院サーバ室,2024/11/12,09:54:50
KHVM0003,陽子線棟3F病院間参照用東病院サーバ室,2024/9/17,19:14:29
KHVM0004,陽子線棟3F病院間参照用東病院サーバ室,2016/9/30,18:16:28
KHVM0005,陽子線棟3F病院間参照用東病院サーバ室,2024/10/28,10:16:07
KHVM0006,陽子線棟3F病院間参照用東病院サーバ室,2016/9/12,14:21:14
KHVM0007,陽子線棟3F病院間参照用東病院サーバ室,2016/9/29,15:16:22
KHVM0008,陽子線棟3F病院間参照用東病院サーバ室,2016/9/29,17:27:37
KHVM0009,陽子線棟3F病院間参照用東病院サーバ室,2024/11/11,18:38:49
KHVM0010,陽子線棟3F病院間参照用東病院サーバ室,2024/11/13,15:25:30
KHVM0011,陽子線棟3F病院間参照用東病院サーバ室,2024/9/3,15:53:37
KHVM0012,陽子線棟3F病院間参照用東病院サーバ室,2016/9/21,19:53:24
KHVM0013,陽子線棟3F病院間参照用東病院サーバ室,2016/9/20,13:10:42
KHVM0014,陽子線棟3F病院間参照用東病院サーバ室,,
KHVM0015,陽子線棟3F病院間参照用東病院サーバ室,2024/11/13,13:43:48
KHVM0016,陽子線棟3F病院間参照用東病院サーバ室,2024/11/11,16:26:30
KHVM0017,陽子線棟3F病院間参照用東病院サーバ室,,
KHVM0018,陽子線棟3F病院間参照用東病院サーバ室,,
KHVM0019,陽子線棟3F病院間参照用東病院サーバ室,2024/11/12,14:17:37
KHVM0020,陽子線棟3F病院間参照用東病院サーバ室,2016/9/2,14:48:08
KHVM0021,陽子線棟3F病院間参照用東病院サーバ室,,
KHVM0022,陽子線棟3F病院間参照用東病院サーバ室,,
KHVM0023,陽子線棟3F病院間参照用東病院サーバ室,2024/9/4,07:38:44
KHVM0024,陽子線棟3F病院間参照用東病院サーバ室,,
KHVM0025,陽子線棟3F病院間参照用東病院サーバ室,,
KHYOBI01,陽子線棟3Fヘルプデスク予備機1,2024/11/13,16:37:52
KHYOBI02,陽子線棟3Fヘルプデスク予備機2,2024/11/13,16:19:07
KHYOBI03,陽子線棟3Fヘルプデスク予備機3,2024/11/13,15:23:32
KHYOBI04,陽子線棟3Fヘルプデスク予備機4,2024/10/29,14:51:49
KHYOBI05,陽子線棟3Fヘルプデスク予備機5,2024/11/6,09:58:29
KHYOBI06,陽子線棟3Fヘルプデスク予備機6,2024/9/4,13:31:41
KHYOBI07,陽子線棟3Fヘルプデスク予備機7,2024/11/13,16:30:35
KHYOBI08,陽子線棟3Fヘルプデスク予備機8,,
KHYOBI09,陽子線棟3Fヘルプデスク予備機9,2024/11/6,10:36:40
KHYOBI10,陽子線棟3Fヘルプデスク予備機10,2024/11/6,11:12:22
KHYOBI11,陽子線棟3Fヘルプデスク予備機11,2024/10/29,14:49:17
KHYOBI12,陽子線棟3Fヘルプデスク予備機12,2024/11/6,09:57:42
KHYOBI13,陽子線棟3Fヘルプデスク予備機13,2024/11/6,13:36:41
KHYOBI14,陽子線棟3Fヘルプデスク予備機14,2024/9/3,12:25:41
KHYOBI15,陽子線棟3Fヘルプデスク予備機15,2024/9/20,14:24:24
KHYOBI16,陽子線棟3Fヘルプデスク予備機16,2024/11/13,16:37:23
KHYOBI17,陽子線棟3Fヘルプデスク予備機17,2024/3/16,01:57:55
KHYOBI18,陽子線棟3Fヘルプデスク予備機18,2024/11/13,16:14:25
KHYOBI19,陽子線棟3Fヘルプデスク予備機19,,
KHYOBI20,陽子線棟3Fヘルプデスク予備機20,,
TGXCL012,陽子線棟3F情報システム管理課富士通サー,2015/8/3,15:36:24
VM-T,プレハブ2F富士通富士通開発室,,
